-- Daily Test Data Insert (2026-05-18T14:49:04.699596)
-- These tables receive data daily:
-- orders, order_items, payments, order_discounts, loyalty_txn, shifts, reservations, inventory

SET session_replication_role = 'replica';

-- DISCOUNTS
INSERT INTO discounts (code, description, type, amount, start_date, end_date) VALUES ('PROMO001_5218', 'Glass audience of house form catch.', 'percent', 26.45, '1982-08-30'::date, '1982-09-26'::date) RETURNING id;
INSERT INTO discounts (code, description, type, amount, start_date, end_date) VALUES ('PROMO002_7089', 'Word someone heavy attention report.', 'percent', 18.74, '2018-11-30'::date, '2019-01-03'::date) RETURNING id;
INSERT INTO discounts (code, description, type, amount, start_date, end_date) VALUES ('PROMO003_9603', 'Despite business national amount available represent.', 'percent', 21.26, '1975-04-12'::date, '1975-06-05'::date) RETURNING id;

-- LOYALTY_TXN
INSERT INTO loyalty_txn (loyalty_id, points_change, txn_type, txn_time) VALUES (1,  -98, 'redeem', '2026-05-13T11:32:21'::timestamp);
INSERT INTO loyalty_txn (loyalty_id, points_change, txn_type, txn_time) VALUES (1, 181, 'earn', '2026-05-08T07:22:04'::timestamp);
INSERT INTO loyalty_txn (loyalty_id, points_change, txn_type, txn_time) VALUES (1, 108, 'earn', '2026-05-05T11:10:51'::timestamp);
INSERT INTO loyalty_txn (loyalty_id, points_change, txn_type, txn_time) VALUES (1,  -20, 'redeem', '2026-05-09T20:05:32'::timestamp);
INSERT INTO loyalty_txn (loyalty_id, points_change, txn_type, txn_time) VALUES (2, 185, 'earn', '2026-05-15T19:44:00'::timestamp);
INSERT INTO loyalty_txn (loyalty_id, points_change, txn_type, txn_time) VALUES (2, 110, 'earn', '2026-05-04T13:10:08'::timestamp);
INSERT INTO loyalty_txn (loyalty_id, points_change, txn_type, txn_time) VALUES (2, 125, 'earn', '2026-05-15T18:02:55'::timestamp);
INSERT INTO loyalty_txn (loyalty_id, points_change, txn_type, txn_time) VALUES (2,  -59, 'redeem', '2026-05-13T23:06:47'::timestamp);
INSERT INTO loyalty_txn (loyalty_id, points_change, txn_type, txn_time) VALUES (2,  -35, 'redeem', '2026-05-08T04:38:08'::timestamp);
INSERT INTO loyalty_txn (loyalty_id, points_change, txn_type, txn_time) VALUES (3, 62, 'earn', '2026-05-12T08:55:33'::timestamp);
INSERT INTO loyalty_txn (loyalty_id, points_change, txn_type, txn_time) VALUES (3,  -99, 'redeem', '2026-05-05T18:45:10'::timestamp);
INSERT INTO loyalty_txn (loyalty_id, points_change, txn_type, txn_time) VALUES (3,  -16, 'redeem', '2026-05-03T08:48:33'::timestamp);
INSERT INTO loyalty_txn (loyalty_id, points_change, txn_type, txn_time) VALUES (3, 89, 'earn', '2026-05-01T06:45:03'::timestamp);
INSERT INTO loyalty_txn (loyalty_id, points_change, txn_type, txn_time) VALUES (4, 53, 'earn', '2026-05-08T10:29:58'::timestamp);
INSERT INTO loyalty_txn (loyalty_id, points_change, txn_type, txn_time) VALUES (4, 120, 'earn', '2026-05-08T10:47:16'::timestamp);
INSERT INTO loyalty_txn (loyalty_id, points_change, txn_type, txn_time) VALUES (5,  -11, 'redeem', '2026-05-18T08:11:09'::timestamp);
INSERT INTO loyalty_txn (loyalty_id, points_change, txn_type, txn_time) VALUES (5,  -58, 'redeem', '2026-05-14T05:11:04'::timestamp);
INSERT INTO loyalty_txn (loyalty_id, points_change, txn_type, txn_time) VALUES (5, 194, 'earn', '2026-05-05T22:19:53'::timestamp);
INSERT INTO loyalty_txn (loyalty_id, points_change, txn_type, txn_time) VALUES (5,  -20, 'redeem', '2026-05-15T12:51:53'::timestamp);
INSERT INTO loyalty_txn (loyalty_id, points_change, txn_type, txn_time) VALUES (5, 192, 'earn', '2026-05-02T20:05:41'::timestamp);
INSERT INTO loyalty_txn (loyalty_id, points_change, txn_type, txn_time) VALUES (6,  -76, 'redeem', '2026-05-02T21:25:22'::timestamp);
INSERT INTO loyalty_txn (loyalty_id, points_change, txn_type, txn_time) VALUES (6, 122, 'earn', '2026-05-05T08:20:03'::timestamp);
INSERT INTO loyalty_txn (loyalty_id, points_change, txn_type, txn_time) VALUES (6, 64, 'earn', '2026-05-16T08:23:55'::timestamp);
INSERT INTO loyalty_txn (loyalty_id, points_change, txn_type, txn_time) VALUES (7,  -52, 'redeem', '2026-05-13T11:32:50'::timestamp);
INSERT INTO loyalty_txn (loyalty_id, points_change, txn_type, txn_time) VALUES (7, 98, 'earn', '2026-05-15T12:39:53'::timestamp);
INSERT INTO loyalty_txn (loyalty_id, points_change, txn_type, txn_time) VALUES (7, 100, 'earn', '2026-05-16T05:36:32'::timestamp);
INSERT INTO loyalty_txn (loyalty_id, points_change, txn_type, txn_time) VALUES (7,  -27, 'redeem', '2026-05-17T08:36:26'::timestamp);
INSERT INTO loyalty_txn (loyalty_id, points_change, txn_type, txn_time) VALUES (8, 39, 'earn', '2026-05-14T15:36:09'::timestamp);
INSERT INTO loyalty_txn (loyalty_id, points_change, txn_type, txn_time) VALUES (8, 172, 'earn', '2026-05-15T11:00:32'::timestamp);
INSERT INTO loyalty_txn (loyalty_id, points_change, txn_type, txn_time) VALUES (8, 6, 'earn', '2026-05-06T16:35:14'::timestamp);
INSERT INTO loyalty_txn (loyalty_id, points_change, txn_type, txn_time) VALUES (9, 193, 'earn', '2026-05-16T15:36:13'::timestamp);
INSERT INTO loyalty_txn (loyalty_id, points_change, txn_type, txn_time) VALUES (9,  -85, 'redeem', '2026-05-04T06:06:19'::timestamp);
INSERT INTO loyalty_txn (loyalty_id, points_change, txn_type, txn_time) VALUES (9, 81, 'earn', '2026-05-08T15:09:16'::timestamp);
INSERT INTO loyalty_txn (loyalty_id, points_change, txn_type, txn_time) VALUES (9, 36, 'earn', '2026-05-10T14:51:50'::timestamp);
INSERT INTO loyalty_txn (loyalty_id, points_change, txn_type, txn_time) VALUES (10, 182, 'earn', '2026-05-08T23:12:06'::timestamp);
INSERT INTO loyalty_txn (loyalty_id, points_change, txn_type, txn_time) VALUES (10, 98, 'earn', '2026-05-03T07:12:07'::timestamp);
INSERT INTO loyalty_txn (loyalty_id, points_change, txn_type, txn_time) VALUES (10, 175, 'earn', '2026-05-03T14:02:21'::timestamp);
INSERT INTO loyalty_txn (loyalty_id, points_change, txn_type, txn_time) VALUES (11,  -81, 'redeem', '2026-05-13T10:40:40'::timestamp);
INSERT INTO loyalty_txn (loyalty_id, points_change, txn_type, txn_time) VALUES (11, 152, 'earn', '2026-05-02T11:38:30'::timestamp);
INSERT INTO loyalty_txn (loyalty_id, points_change, txn_type, txn_time) VALUES (11, 5, 'earn', '2026-05-08T12:57:37'::timestamp);
INSERT INTO loyalty_txn (loyalty_id, points_change, txn_type, txn_time) VALUES (11, 57, 'earn', '2026-05-15T03:07:35'::timestamp);
INSERT INTO loyalty_txn (loyalty_id, points_change, txn_type, txn_time) VALUES (12,  -33, 'redeem', '2026-05-10T17:17:45'::timestamp);
INSERT INTO loyalty_txn (loyalty_id, points_change, txn_type, txn_time) VALUES (12, 13, 'earn', '2026-05-06T08:13:26'::timestamp);
INSERT INTO loyalty_txn (loyalty_id, points_change, txn_type, txn_time) VALUES (13, 177, 'earn', '2026-05-10T04:09:04'::timestamp);
INSERT INTO loyalty_txn (loyalty_id, points_change, txn_type, txn_time) VALUES (13,  -78, 'redeem', '2026-05-14T18:14:12'::timestamp);
INSERT INTO loyalty_txn (loyalty_id, points_change, txn_type, txn_time) VALUES (13, 98, 'earn', '2026-05-07T14:20:12'::timestamp);
INSERT INTO loyalty_txn (loyalty_id, points_change, txn_type, txn_time) VALUES (14, 118, 'earn', '2026-05-07T11:25:13'::timestamp);
INSERT INTO loyalty_txn (loyalty_id, points_change, txn_type, txn_time) VALUES (14, 66, 'earn', '2026-05-12T17:02:59'::timestamp);
INSERT INTO loyalty_txn (loyalty_id, points_change, txn_type, txn_time) VALUES (14, 16, 'earn', '2026-05-13T14:27:37'::timestamp);
INSERT INTO loyalty_txn (loyalty_id, points_change, txn_type, txn_time) VALUES (14,  -73, 'redeem', '2026-05-02T13:38:44'::timestamp);
INSERT INTO loyalty_txn (loyalty_id, points_change, txn_type, txn_time) VALUES (15, 122, 'earn', '2026-05-04T21:08:02'::timestamp);
INSERT INTO loyalty_txn (loyalty_id, points_change, txn_type, txn_time) VALUES (15, 176, 'earn', '2026-05-12T12:38:34'::timestamp);
INSERT INTO loyalty_txn (loyalty_id, points_change, txn_type, txn_time) VALUES (15, 55, 'earn', '2026-05-13T02:09:58'::timestamp);
INSERT INTO loyalty_txn (loyalty_id, points_change, txn_type, txn_time) VALUES (15, 66, 'earn', '2026-05-06T21:25:06'::timestamp);
INSERT INTO loyalty_txn (loyalty_id, points_change, txn_type, txn_time) VALUES (16,  -66, 'redeem', '2026-05-07T12:39:06'::timestamp);
INSERT INTO loyalty_txn (loyalty_id, points_change, txn_type, txn_time) VALUES (16, 161, 'earn', '2026-05-16T02:11:55'::timestamp);
INSERT INTO loyalty_txn (loyalty_id, points_change, txn_type, txn_time) VALUES (17,  -99, 'redeem', '2026-05-02T23:33:40'::timestamp);
INSERT INTO loyalty_txn (loyalty_id, points_change, txn_type, txn_time) VALUES (17,  -94, 'redeem', '2026-05-06T22:20:06'::timestamp);
INSERT INTO loyalty_txn (loyalty_id, points_change, txn_type, txn_time) VALUES (17,  -82, 'redeem', '2026-05-10T13:55:12'::timestamp);
INSERT INTO loyalty_txn (loyalty_id, points_change, txn_type, txn_time) VALUES (18,  -69, 'redeem', '2026-05-06T18:07:41'::timestamp);
INSERT INTO loyalty_txn (loyalty_id, points_change, txn_type, txn_time) VALUES (18,  -57, 'redeem', '2026-05-05T06:13:11'::timestamp);
INSERT INTO loyalty_txn (loyalty_id, points_change, txn_type, txn_time) VALUES (18,  -100, 'redeem', '2026-05-11T01:24:46'::timestamp);
INSERT INTO loyalty_txn (loyalty_id, points_change, txn_type, txn_time) VALUES (19, 70, 'earn', '2026-05-02T08:17:03'::timestamp);
INSERT INTO loyalty_txn (loyalty_id, points_change, txn_type, txn_time) VALUES (19, 164, 'earn', '2026-05-05T10:09:00'::timestamp);
INSERT INTO loyalty_txn (loyalty_id, points_change, txn_type, txn_time) VALUES (20,  -59, 'redeem', '2026-05-06T22:11:25'::timestamp);
INSERT INTO loyalty_txn (loyalty_id, points_change, txn_type, txn_time) VALUES (20, 47, 'earn', '2026-05-03T09:28:54'::timestamp);
INSERT INTO loyalty_txn (loyalty_id, points_change, txn_type, txn_time) VALUES (21, 174, 'earn', '2026-05-11T06:55:13'::timestamp);
INSERT INTO loyalty_txn (loyalty_id, points_change, txn_type, txn_time) VALUES (21, 177, 'earn', '2026-05-08T23:16:07'::timestamp);
INSERT INTO loyalty_txn (loyalty_id, points_change, txn_type, txn_time) VALUES (22, 63, 'earn', '2026-05-17T14:37:08'::timestamp);
INSERT INTO loyalty_txn (loyalty_id, points_change, txn_type, txn_time) VALUES (22,  -30, 'redeem', '2026-05-03T12:56:50'::timestamp);
INSERT INTO loyalty_txn (loyalty_id, points_change, txn_type, txn_time) VALUES (22, 30, 'earn', '2026-05-01T11:09:43'::timestamp);
INSERT INTO loyalty_txn (loyalty_id, points_change, txn_type, txn_time) VALUES (22, 131, 'earn', '2026-05-15T05:13:39'::timestamp);
INSERT INTO loyalty_txn (loyalty_id, points_change, txn_type, txn_time) VALUES (23, 59, 'earn', '2026-05-07T12:12:37'::timestamp);
INSERT INTO loyalty_txn (loyalty_id, points_change, txn_type, txn_time) VALUES (23, 175, 'earn', '2026-05-18T09:08:56'::timestamp);
INSERT INTO loyalty_txn (loyalty_id, points_change, txn_type, txn_time) VALUES (24,  -73, 'redeem', '2026-05-08T00:14:26'::timestamp);
INSERT INTO loyalty_txn (loyalty_id, points_change, txn_type, txn_time) VALUES (24, 42, 'earn', '2026-05-04T19:07:16'::timestamp);
INSERT INTO loyalty_txn (loyalty_id, points_change, txn_type, txn_time) VALUES (25, 119, 'earn', '2026-05-14T10:28:22'::timestamp);
INSERT INTO loyalty_txn (loyalty_id, points_change, txn_type, txn_time) VALUES (25, 127, 'earn', '2026-05-18T03:06:05'::timestamp);
INSERT INTO loyalty_txn (loyalty_id, points_change, txn_type, txn_time) VALUES (25, 38, 'earn', '2026-05-11T02:31:19'::timestamp);
INSERT INTO loyalty_txn (loyalty_id, points_change, txn_type, txn_time) VALUES (26,  -27, 'redeem', '2026-05-17T15:54:14'::timestamp);
INSERT INTO loyalty_txn (loyalty_id, points_change, txn_type, txn_time) VALUES (26, 46, 'earn', '2026-05-16T01:28:29'::timestamp);
INSERT INTO loyalty_txn (loyalty_id, points_change, txn_type, txn_time) VALUES (26, 185, 'earn', '2026-05-13T00:57:36'::timestamp);
INSERT INTO loyalty_txn (loyalty_id, points_change, txn_type, txn_time) VALUES (27, 154, 'earn', '2026-05-14T07:27:57'::timestamp);
INSERT INTO loyalty_txn (loyalty_id, points_change, txn_type, txn_time) VALUES (27, 148, 'earn', '2026-05-01T10:12:46'::timestamp);
INSERT INTO loyalty_txn (loyalty_id, points_change, txn_type, txn_time) VALUES (28, 147, 'earn', '2026-05-01T13:36:54'::timestamp);
INSERT INTO loyalty_txn (loyalty_id, points_change, txn_type, txn_time) VALUES (28,  -13, 'redeem', '2026-05-09T17:39:57'::timestamp);
INSERT INTO loyalty_txn (loyalty_id, points_change, txn_type, txn_time) VALUES (28, 12, 'earn', '2026-05-06T14:22:42'::timestamp);
INSERT INTO loyalty_txn (loyalty_id, points_change, txn_type, txn_time) VALUES (29, 136, 'earn', '2026-05-13T00:52:25'::timestamp);
INSERT INTO loyalty_txn (loyalty_id, points_change, txn_type, txn_time) VALUES (29, 24, 'earn', '2026-05-01T15:23:52'::timestamp);
INSERT INTO loyalty_txn (loyalty_id, points_change, txn_type, txn_time) VALUES (29, 158, 'earn', '2026-05-09T22:40:02'::timestamp);
INSERT INTO loyalty_txn (loyalty_id, points_change, txn_type, txn_time) VALUES (29, 66, 'earn', '2026-05-01T03:27:36'::timestamp);
INSERT INTO loyalty_txn (loyalty_id, points_change, txn_type, txn_time) VALUES (30,  -62, 'redeem', '2026-05-18T08:07:11'::timestamp);
INSERT INTO loyalty_txn (loyalty_id, points_change, txn_type, txn_time) VALUES (30, 126, 'earn', '2026-05-13T12:48:19'::timestamp);
INSERT INTO loyalty_txn (loyalty_id, points_change, txn_type, txn_time) VALUES (30, 60, 'earn', '2026-05-03T13:48:24'::timestamp);
INSERT INTO loyalty_txn (loyalty_id, points_change, txn_type, txn_time) VALUES (30, 152, 'earn', '2026-05-12T09:01:02'::timestamp);
INSERT INTO loyalty_txn (loyalty_id, points_change, txn_type, txn_time) VALUES (31,  -47, 'redeem', '2026-05-01T17:53:42'::timestamp);
INSERT INTO loyalty_txn (loyalty_id, points_change, txn_type, txn_time) VALUES (31,  -39, 'redeem', '2026-05-01T06:08:57'::timestamp);
INSERT INTO loyalty_txn (loyalty_id, points_change, txn_type, txn_time) VALUES (31, 76, 'earn', '2026-05-13T23:27:28'::timestamp);
INSERT INTO loyalty_txn (loyalty_id, points_change, txn_type, txn_time) VALUES (31,  -44, 'redeem', '2026-05-16T15:15:57'::timestamp);
INSERT INTO loyalty_txn (loyalty_id, points_change, txn_type, txn_time) VALUES (32, 128, 'earn', '2026-05-07T00:21:02'::timestamp);
INSERT INTO loyalty_txn (loyalty_id, points_change, txn_type, txn_time) VALUES (32,  -51, 'redeem', '2026-05-13T23:47:44'::timestamp);
INSERT INTO loyalty_txn (loyalty_id, points_change, txn_type, txn_time) VALUES (32, 175, 'earn', '2026-05-16T09:50:02'::timestamp);
INSERT INTO loyalty_txn (loyalty_id, points_change, txn_type, txn_time) VALUES (32,  -1, 'redeem', '2026-05-17T14:09:05'::timestamp);
INSERT INTO loyalty_txn (loyalty_id, points_change, txn_type, txn_time) VALUES (32, 186, 'earn', '2026-05-08T03:18:28'::timestamp);
INSERT INTO loyalty_txn (loyalty_id, points_change, txn_type, txn_time) VALUES (33, 29, 'earn', '2026-05-03T20:32:00'::timestamp);
INSERT INTO loyalty_txn (loyalty_id, points_change, txn_type, txn_time) VALUES (33,  -5, 'redeem', '2026-05-06T08:07:41'::timestamp);
INSERT INTO loyalty_txn (loyalty_id, points_change, txn_type, txn_time) VALUES (34, 37, 'earn', '2026-05-09T21:17:47'::timestamp);
INSERT INTO loyalty_txn (loyalty_id, points_change, txn_type, txn_time) VALUES (34, 195, 'earn', '2026-05-02T10:42:16'::timestamp);
INSERT INTO loyalty_txn (loyalty_id, points_change, txn_type, txn_time) VALUES (34, 185, 'earn', '2026-05-14T03:09:52'::timestamp);
INSERT INTO loyalty_txn (loyalty_id, points_change, txn_type, txn_time) VALUES (34, 2, 'earn', '2026-05-03T12:09:32'::timestamp);
INSERT INTO loyalty_txn (loyalty_id, points_change, txn_type, txn_time) VALUES (34, 23, 'earn', '2026-05-14T16:02:49'::timestamp);
INSERT INTO loyalty_txn (loyalty_id, points_change, txn_type, txn_time) VALUES (35,  -60, 'redeem', '2026-05-13T14:00:46'::timestamp);
INSERT INTO loyalty_txn (loyalty_id, points_change, txn_type, txn_time) VALUES (35, 44, 'earn', '2026-05-16T05:31:41'::timestamp);
INSERT INTO loyalty_txn (loyalty_id, points_change, txn_type, txn_time) VALUES (35, 41, 'earn', '2026-05-09T20:31:25'::timestamp);
INSERT INTO loyalty_txn (loyalty_id, points_change, txn_type, txn_time) VALUES (35, 138, 'earn', '2026-05-03T08:48:29'::timestamp);
INSERT INTO loyalty_txn (loyalty_id, points_change, txn_type, txn_time) VALUES (35, 106, 'earn', '2026-05-14T18:15:00'::timestamp);
INSERT INTO loyalty_txn (loyalty_id, points_change, txn_type, txn_time) VALUES (36, 69, 'earn', '2026-05-12T21:47:57'::timestamp);
INSERT INTO loyalty_txn (loyalty_id, points_change, txn_type, txn_time) VALUES (36, 179, 'earn', '2026-05-11T21:09:05'::timestamp);
INSERT INTO loyalty_txn (loyalty_id, points_change, txn_type, txn_time) VALUES (36,  -24, 'redeem', '2026-05-03T06:56:23'::timestamp);
INSERT INTO loyalty_txn (loyalty_id, points_change, txn_type, txn_time) VALUES (36, 141, 'earn', '2026-05-03T08:26:09'::timestamp);
INSERT INTO loyalty_txn (loyalty_id, points_change, txn_type, txn_time) VALUES (37,  -94, 'redeem', '2026-05-13T19:57:48'::timestamp);
INSERT INTO loyalty_txn (loyalty_id, points_change, txn_type, txn_time) VALUES (37,  -28, 'redeem', '2026-05-14T08:22:28'::timestamp);
INSERT INTO loyalty_txn (loyalty_id, points_change, txn_type, txn_time) VALUES (38, 174, 'earn', '2026-05-09T06:09:03'::timestamp);
INSERT INTO loyalty_txn (loyalty_id, points_change, txn_type, txn_time) VALUES (38, 62, 'earn', '2026-05-14T22:13:42'::timestamp);
INSERT INTO loyalty_txn (loyalty_id, points_change, txn_type, txn_time) VALUES (38,  -80, 'redeem', '2026-05-02T20:31:03'::timestamp);
INSERT INTO loyalty_txn (loyalty_id, points_change, txn_type, txn_time) VALUES (38, 14, 'earn', '2026-05-04T12:33:25'::timestamp);
INSERT INTO loyalty_txn (loyalty_id, points_change, txn_type, txn_time) VALUES (39, 24, 'earn', '2026-05-17T01:49:23'::timestamp);
INSERT INTO loyalty_txn (loyalty_id, points_change, txn_type, txn_time) VALUES (39, 13, 'earn', '2026-05-05T08:41:25'::timestamp);
INSERT INTO loyalty_txn (loyalty_id, points_change, txn_type, txn_time) VALUES (40, 91, 'earn', '2026-05-09T12:19:52'::timestamp);
INSERT INTO loyalty_txn (loyalty_id, points_change, txn_type, txn_time) VALUES (40,  -31, 'redeem', '2026-05-17T13:35:41'::timestamp);
INSERT INTO loyalty_txn (loyalty_id, points_change, txn_type, txn_time) VALUES (40, 113, 'earn', '2026-05-09T08:06:16'::timestamp);
INSERT INTO loyalty_txn (loyalty_id, points_change, txn_type, txn_time) VALUES (40, 66, 'earn', '2026-05-09T10:00:16'::timestamp);
INSERT INTO loyalty_txn (loyalty_id, points_change, txn_type, txn_time) VALUES (41, 62, 'earn', '2026-05-09T23:07:56'::timestamp);
INSERT INTO loyalty_txn (loyalty_id, points_change, txn_type, txn_time) VALUES (41,  -43, 'redeem', '2026-05-11T02:47:58'::timestamp);
INSERT INTO loyalty_txn (loyalty_id, points_change, txn_type, txn_time) VALUES (41, 147, 'earn', '2026-05-15T02:34:15'::timestamp);
INSERT INTO loyalty_txn (loyalty_id, points_change, txn_type, txn_time) VALUES (42, 5, 'earn', '2026-05-02T08:23:48'::timestamp);
INSERT INTO loyalty_txn (loyalty_id, points_change, txn_type, txn_time) VALUES (42, 35, 'earn', '2026-05-03T01:32:48'::timestamp);
INSERT INTO loyalty_txn (loyalty_id, points_change, txn_type, txn_time) VALUES (42, 79, 'earn', '2026-05-01T02:52:34'::timestamp);
INSERT INTO loyalty_txn (loyalty_id, points_change, txn_type, txn_time) VALUES (43,  -57, 'redeem', '2026-05-10T11:10:30'::timestamp);
INSERT INTO loyalty_txn (loyalty_id, points_change, txn_type, txn_time) VALUES (43, 142, 'earn', '2026-05-13T09:14:10'::timestamp);
INSERT INTO loyalty_txn (loyalty_id, points_change, txn_type, txn_time) VALUES (43, 117, 'earn', '2026-05-14T16:04:41'::timestamp);
INSERT INTO loyalty_txn (loyalty_id, points_change, txn_type, txn_time) VALUES (44, 145, 'earn', '2026-05-06T19:29:14'::timestamp);
INSERT INTO loyalty_txn (loyalty_id, points_change, txn_type, txn_time) VALUES (44, 57, 'earn', '2026-05-16T02:33:23'::timestamp);
INSERT INTO loyalty_txn (loyalty_id, points_change, txn_type, txn_time) VALUES (44, 39, 'earn', '2026-05-16T19:04:50'::timestamp);
INSERT INTO loyalty_txn (loyalty_id, points_change, txn_type, txn_time) VALUES (45, 178, 'earn', '2026-05-13T10:58:41'::timestamp);
INSERT INTO loyalty_txn (loyalty_id, points_change, txn_type, txn_time) VALUES (45, 112, 'earn', '2026-05-17T17:51:42'::timestamp);
INSERT INTO loyalty_txn (loyalty_id, points_change, txn_type, txn_time) VALUES (45, 24, 'earn', '2026-05-13T14:32:20'::timestamp);
INSERT INTO loyalty_txn (loyalty_id, points_change, txn_type, txn_time) VALUES (45, 53, 'earn', '2026-05-03T04:01:03'::timestamp);
INSERT INTO loyalty_txn (loyalty_id, points_change, txn_type, txn_time) VALUES (46, 99, 'earn', '2026-05-07T10:50:35'::timestamp);
INSERT INTO loyalty_txn (loyalty_id, points_change, txn_type, txn_time) VALUES (46, 56, 'earn', '2026-05-16T13:06:53'::timestamp);
INSERT INTO loyalty_txn (loyalty_id, points_change, txn_type, txn_time) VALUES (47, 18, 'earn', '2026-05-02T13:58:08'::timestamp);
INSERT INTO loyalty_txn (loyalty_id, points_change, txn_type, txn_time) VALUES (47, 40, 'earn', '2026-05-04T22:39:46'::timestamp);
INSERT INTO loyalty_txn (loyalty_id, points_change, txn_type, txn_time) VALUES (48, 198, 'earn', '2026-05-07T10:02:42'::timestamp);
INSERT INTO loyalty_txn (loyalty_id, points_change, txn_type, txn_time) VALUES (48,  -76, 'redeem', '2026-05-02T21:48:16'::timestamp);
INSERT INTO loyalty_txn (loyalty_id, points_change, txn_type, txn_time) VALUES (48, 98, 'earn', '2026-05-08T05:00:40'::timestamp);
INSERT INTO loyalty_txn (loyalty_id, points_change, txn_type, txn_time) VALUES (49, 77, 'earn', '2026-05-09T03:56:27'::timestamp);
INSERT INTO loyalty_txn (loyalty_id, points_change, txn_type, txn_time) VALUES (49,  -67, 'redeem', '2026-05-15T09:11:30'::timestamp);
INSERT INTO loyalty_txn (loyalty_id, points_change, txn_type, txn_time) VALUES (49, 48, 'earn', '2026-05-17T10:39:07'::timestamp);
INSERT INTO loyalty_txn (loyalty_id, points_change, txn_type, txn_time) VALUES (49, 61, 'earn', '2026-05-16T10:41:02'::timestamp);
INSERT INTO loyalty_txn (loyalty_id, points_change, txn_type, txn_time) VALUES (50, 151, 'earn', '2026-05-01T23:50:12'::timestamp);
INSERT INTO loyalty_txn (loyalty_id, points_change, txn_type, txn_time) VALUES (50,  -71, 'redeem', '2026-05-11T12:36:43'::timestamp);
INSERT INTO loyalty_txn (loyalty_id, points_change, txn_type, txn_time) VALUES (50, 175, 'earn', '2026-05-02T09:16:11'::timestamp);
INSERT INTO loyalty_txn (loyalty_id, points_change, txn_type, txn_time) VALUES (51,  -23, 'redeem', '2026-05-08T12:59:16'::timestamp);
INSERT INTO loyalty_txn (loyalty_id, points_change, txn_type, txn_time) VALUES (51,  -6, 'redeem', '2026-05-15T02:52:38'::timestamp);
INSERT INTO loyalty_txn (loyalty_id, points_change, txn_type, txn_time) VALUES (52, 136, 'earn', '2026-05-16T13:20:14'::timestamp);
INSERT INTO loyalty_txn (loyalty_id, points_change, txn_type, txn_time) VALUES (52, 61, 'earn', '2026-05-14T17:06:41'::timestamp);
INSERT INTO loyalty_txn (loyalty_id, points_change, txn_type, txn_time) VALUES (52,  -60, 'redeem', '2026-05-13T07:59:06'::timestamp);
INSERT INTO loyalty_txn (loyalty_id, points_change, txn_type, txn_time) VALUES (53, 151, 'earn', '2026-05-15T12:20:10'::timestamp);
INSERT INTO loyalty_txn (loyalty_id, points_change, txn_type, txn_time) VALUES (53,  -90, 'redeem', '2026-05-04T17:17:50'::timestamp);
INSERT INTO loyalty_txn (loyalty_id, points_change, txn_type, txn_time) VALUES (53, 185, 'earn', '2026-05-05T04:51:14'::timestamp);
INSERT INTO loyalty_txn (loyalty_id, points_change, txn_type, txn_time) VALUES (53, 43, 'earn', '2026-05-07T12:54:00'::timestamp);
INSERT INTO loyalty_txn (loyalty_id, points_change, txn_type, txn_time) VALUES (54, 127, 'earn', '2026-05-18T09:44:55'::timestamp);
INSERT INTO loyalty_txn (loyalty_id, points_change, txn_type, txn_time) VALUES (54, 109, 'earn', '2026-05-03T09:26:41'::timestamp);
INSERT INTO loyalty_txn (loyalty_id, points_change, txn_type, txn_time) VALUES (55, 134, 'earn', '2026-05-11T01:39:28'::timestamp);
INSERT INTO loyalty_txn (loyalty_id, points_change, txn_type, txn_time) VALUES (55,  -81, 'redeem', '2026-05-08T17:11:03'::timestamp);
INSERT INTO loyalty_txn (loyalty_id, points_change, txn_type, txn_time) VALUES (55, 10, 'earn', '2026-05-17T12:18:08'::timestamp);
INSERT INTO loyalty_txn (loyalty_id, points_change, txn_type, txn_time) VALUES (55,  -44, 'redeem', '2026-05-02T12:17:03'::timestamp);
INSERT INTO loyalty_txn (loyalty_id, points_change, txn_type, txn_time) VALUES (55,  -60, 'redeem', '2026-05-04T18:45:46'::timestamp);
INSERT INTO loyalty_txn (loyalty_id, points_change, txn_type, txn_time) VALUES (56,  -19, 'redeem', '2026-05-05T18:33:06'::timestamp);
INSERT INTO loyalty_txn (loyalty_id, points_change, txn_type, txn_time) VALUES (56, 16, 'earn', '2026-05-02T11:22:28'::timestamp);
INSERT INTO loyalty_txn (loyalty_id, points_change, txn_type, txn_time) VALUES (57, 158, 'earn', '2026-05-06T09:46:41'::timestamp);
INSERT INTO loyalty_txn (loyalty_id, points_change, txn_type, txn_time) VALUES (57, 111, 'earn', '2026-05-09T03:27:43'::timestamp);
INSERT INTO loyalty_txn (loyalty_id, points_change, txn_type, txn_time) VALUES (58, 148, 'earn', '2026-05-06T04:45:49'::timestamp);
INSERT INTO loyalty_txn (loyalty_id, points_change, txn_type, txn_time) VALUES (58, 34, 'earn', '2026-05-15T02:32:09'::timestamp);
INSERT INTO loyalty_txn (loyalty_id, points_change, txn_type, txn_time) VALUES (59, 64, 'earn', '2026-05-03T19:48:24'::timestamp);
INSERT INTO loyalty_txn (loyalty_id, points_change, txn_type, txn_time) VALUES (59,  -64, 'redeem', '2026-05-10T20:03:19'::timestamp);
INSERT INTO loyalty_txn (loyalty_id, points_change, txn_type, txn_time) VALUES (59, 153, 'earn', '2026-05-16T01:20:57'::timestamp);
INSERT INTO loyalty_txn (loyalty_id, points_change, txn_type, txn_time) VALUES (59, 62, 'earn', '2026-05-10T04:28:48'::timestamp);
INSERT INTO loyalty_txn (loyalty_id, points_change, txn_type, txn_time) VALUES (60,  -15, 'redeem', '2026-05-07T20:35:39'::timestamp);
INSERT INTO loyalty_txn (loyalty_id, points_change, txn_type, txn_time) VALUES (60,  -65, 'redeem', '2026-05-01T18:33:41'::timestamp);
INSERT INTO loyalty_txn (loyalty_id, points_change, txn_type, txn_time) VALUES (60, 155, 'earn', '2026-05-13T11:06:18'::timestamp);
INSERT INTO loyalty_txn (loyalty_id, points_change, txn_type, txn_time) VALUES (60,  -63, 'redeem', '2026-05-13T04:39:14'::timestamp);
INSERT INTO loyalty_txn (loyalty_id, points_change, txn_type, txn_time) VALUES (60, 152, 'earn', '2026-05-16T23:26:06'::timestamp);
INSERT INTO loyalty_txn (loyalty_id, points_change, txn_type, txn_time) VALUES (61, 197, 'earn', '2026-05-09T23:26:45'::timestamp);
INSERT INTO loyalty_txn (loyalty_id, points_change, txn_type, txn_time) VALUES (61, 33, 'earn', '2026-05-17T12:46:40'::timestamp);
INSERT INTO loyalty_txn (loyalty_id, points_change, txn_type, txn_time) VALUES (61, 84, 'earn', '2026-05-12T18:38:09'::timestamp);
INSERT INTO loyalty_txn (loyalty_id, points_change, txn_type, txn_time) VALUES (61, 177, 'earn', '2026-05-16T14:28:47'::timestamp);
INSERT INTO loyalty_txn (loyalty_id, points_change, txn_type, txn_time) VALUES (61, 9, 'earn', '2026-05-13T21:24:08'::timestamp);
INSERT INTO loyalty_txn (loyalty_id, points_change, txn_type, txn_time) VALUES (62, 13, 'earn', '2026-05-02T16:49:58'::timestamp);
INSERT INTO loyalty_txn (loyalty_id, points_change, txn_type, txn_time) VALUES (62,  -38, 'redeem', '2026-05-01T21:56:28'::timestamp);
INSERT INTO loyalty_txn (loyalty_id, points_change, txn_type, txn_time) VALUES (62,  -92, 'redeem', '2026-05-06T16:32:21'::timestamp);
INSERT INTO loyalty_txn (loyalty_id, points_change, txn_type, txn_time) VALUES (62,  -67, 'redeem', '2026-05-18T10:20:40'::timestamp);
INSERT INTO loyalty_txn (loyalty_id, points_change, txn_type, txn_time) VALUES (62, 29, 'earn', '2026-05-10T07:24:05'::timestamp);
INSERT INTO loyalty_txn (loyalty_id, points_change, txn_type, txn_time) VALUES (63, 22, 'earn', '2026-05-01T16:56:13'::timestamp);
INSERT INTO loyalty_txn (loyalty_id, points_change, txn_type, txn_time) VALUES (63,  -17, 'redeem', '2026-05-03T20:20:02'::timestamp);
INSERT INTO loyalty_txn (loyalty_id, points_change, txn_type, txn_time) VALUES (63, 10, 'earn', '2026-05-12T11:45:59'::timestamp);
INSERT INTO loyalty_txn (loyalty_id, points_change, txn_type, txn_time) VALUES (64, 121, 'earn', '2026-05-07T01:46:14'::timestamp);
INSERT INTO loyalty_txn (loyalty_id, points_change, txn_type, txn_time) VALUES (64, 11, 'earn', '2026-05-10T01:23:04'::timestamp);
INSERT INTO loyalty_txn (loyalty_id, points_change, txn_type, txn_time) VALUES (64, 54, 'earn', '2026-05-04T07:44:34'::timestamp);
INSERT INTO loyalty_txn (loyalty_id, points_change, txn_type, txn_time) VALUES (64, 44, 'earn', '2026-05-02T07:39:31'::timestamp);
INSERT INTO loyalty_txn (loyalty_id, points_change, txn_type, txn_time) VALUES (64, 196, 'earn', '2026-05-13T09:10:49'::timestamp);
INSERT INTO loyalty_txn (loyalty_id, points_change, txn_type, txn_time) VALUES (65,  -98, 'redeem', '2026-05-01T01:38:25'::timestamp);
INSERT INTO loyalty_txn (loyalty_id, points_change, txn_type, txn_time) VALUES (65, 193, 'earn', '2026-05-08T14:32:20'::timestamp);
INSERT INTO loyalty_txn (loyalty_id, points_change, txn_type, txn_time) VALUES (65,  -65, 'redeem', '2026-05-08T05:01:20'::timestamp);
INSERT INTO loyalty_txn (loyalty_id, points_change, txn_type, txn_time) VALUES (66,  -58, 'redeem', '2026-05-10T22:07:22'::timestamp);
INSERT INTO loyalty_txn (loyalty_id, points_change, txn_type, txn_time) VALUES (66,  -41, 'redeem', '2026-05-10T19:46:25'::timestamp);
INSERT INTO loyalty_txn (loyalty_id, points_change, txn_type, txn_time) VALUES (66,  -58, 'redeem', '2026-05-15T19:00:01'::timestamp);
INSERT INTO loyalty_txn (loyalty_id, points_change, txn_type, txn_time) VALUES (66, 178, 'earn', '2026-05-03T06:55:17'::timestamp);
INSERT INTO loyalty_txn (loyalty_id, points_change, txn_type, txn_time) VALUES (67, 104, 'earn', '2026-05-17T02:14:32'::timestamp);
INSERT INTO loyalty_txn (loyalty_id, points_change, txn_type, txn_time) VALUES (67, 106, 'earn', '2026-05-02T05:06:46'::timestamp);
INSERT INTO loyalty_txn (loyalty_id, points_change, txn_type, txn_time) VALUES (67, 98, 'earn', '2026-05-09T09:40:44'::timestamp);
INSERT INTO loyalty_txn (loyalty_id, points_change, txn_type, txn_time) VALUES (68, 109, 'earn', '2026-05-15T12:59:39'::timestamp);
INSERT INTO loyalty_txn (loyalty_id, points_change, txn_type, txn_time) VALUES (68,  -78, 'redeem', '2026-05-16T06:42:10'::timestamp);
INSERT INTO loyalty_txn (loyalty_id, points_change, txn_type, txn_time) VALUES (68, 96, 'earn', '2026-05-16T16:17:44'::timestamp);
INSERT INTO loyalty_txn (loyalty_id, points_change, txn_type, txn_time) VALUES (68, 130, 'earn', '2026-05-14T06:16:22'::timestamp);
INSERT INTO loyalty_txn (loyalty_id, points_change, txn_type, txn_time) VALUES (69,  -93, 'redeem', '2026-05-17T20:03:07'::timestamp);
INSERT INTO loyalty_txn (loyalty_id, points_change, txn_type, txn_time) VALUES (69,  -44, 'redeem', '2026-05-03T16:31:17'::timestamp);
INSERT INTO loyalty_txn (loyalty_id, points_change, txn_type, txn_time) VALUES (69, 125, 'earn', '2026-05-17T07:02:09'::timestamp);
INSERT INTO loyalty_txn (loyalty_id, points_change, txn_type, txn_time) VALUES (69, 20, 'earn', '2026-05-06T19:35:51'::timestamp);
INSERT INTO loyalty_txn (loyalty_id, points_change, txn_type, txn_time) VALUES (70, 61, 'earn', '2026-05-18T05:27:48'::timestamp);
INSERT INTO loyalty_txn (loyalty_id, points_change, txn_type, txn_time) VALUES (70,  -98, 'redeem', '2026-05-14T05:18:44'::timestamp);
INSERT INTO loyalty_txn (loyalty_id, points_change, txn_type, txn_time) VALUES (70, 157, 'earn', '2026-05-14T09:06:41'::timestamp);
INSERT INTO loyalty_txn (loyalty_id, points_change, txn_type, txn_time) VALUES (70, 47, 'earn', '2026-05-17T10:04:24'::timestamp);
INSERT INTO loyalty_txn (loyalty_id, points_change, txn_type, txn_time) VALUES (71, 109, 'earn', '2026-05-08T08:53:51'::timestamp);
INSERT INTO loyalty_txn (loyalty_id, points_change, txn_type, txn_time) VALUES (71,  -30, 'redeem', '2026-05-02T00:03:36'::timestamp);
INSERT INTO loyalty_txn (loyalty_id, points_change, txn_type, txn_time) VALUES (71, 104, 'earn', '2026-05-17T06:13:07'::timestamp);
INSERT INTO loyalty_txn (loyalty_id, points_change, txn_type, txn_time) VALUES (72,  -93, 'redeem', '2026-05-08T14:19:22'::timestamp);
INSERT INTO loyalty_txn (loyalty_id, points_change, txn_type, txn_time) VALUES (72, 48, 'earn', '2026-05-16T02:38:50'::timestamp);
INSERT INTO loyalty_txn (loyalty_id, points_change, txn_type, txn_time) VALUES (73, 26, 'earn', '2026-05-14T09:53:59'::timestamp);
INSERT INTO loyalty_txn (loyalty_id, points_change, txn_type, txn_time) VALUES (73, 188, 'earn', '2026-05-07T18:41:56'::timestamp);
INSERT INTO loyalty_txn (loyalty_id, points_change, txn_type, txn_time) VALUES (73,  -17, 'redeem', '2026-05-15T13:25:15'::timestamp);
INSERT INTO loyalty_txn (loyalty_id, points_change, txn_type, txn_time) VALUES (73, 134, 'earn', '2026-05-12T18:55:01'::timestamp);
INSERT INTO loyalty_txn (loyalty_id, points_change, txn_type, txn_time) VALUES (74,  -99, 'redeem', '2026-05-05T16:40:35'::timestamp);
INSERT INTO loyalty_txn (loyalty_id, points_change, txn_type, txn_time) VALUES (74, 134, 'earn', '2026-05-15T06:25:33'::timestamp);
INSERT INTO loyalty_txn (loyalty_id, points_change, txn_type, txn_time) VALUES (74, 191, 'earn', '2026-05-05T02:05:42'::timestamp);
INSERT INTO loyalty_txn (loyalty_id, points_change, txn_type, txn_time) VALUES (74, 142, 'earn', '2026-05-05T23:22:43'::timestamp);
INSERT INTO loyalty_txn (loyalty_id, points_change, txn_type, txn_time) VALUES (74, 43, 'earn', '2026-05-05T16:39:00'::timestamp);
INSERT INTO loyalty_txn (loyalty_id, points_change, txn_type, txn_time) VALUES (75, 60, 'earn', '2026-05-15T17:24:48'::timestamp);
INSERT INTO loyalty_txn (loyalty_id, points_change, txn_type, txn_time) VALUES (75, 116, 'earn', '2026-05-02T05:49:10'::timestamp);
INSERT INTO loyalty_txn (loyalty_id, points_change, txn_type, txn_time) VALUES (75, 154, 'earn', '2026-05-06T03:21:55'::timestamp);
INSERT INTO loyalty_txn (loyalty_id, points_change, txn_type, txn_time) VALUES (75,  -48, 'redeem', '2026-05-14T08:04:08'::timestamp);
INSERT INTO loyalty_txn (loyalty_id, points_change, txn_type, txn_time) VALUES (76, 60, 'earn', '2026-05-15T12:01:12'::timestamp);
INSERT INTO loyalty_txn (loyalty_id, points_change, txn_type, txn_time) VALUES (76, 128, 'earn', '2026-05-09T13:50:03'::timestamp);
INSERT INTO loyalty_txn (loyalty_id, points_change, txn_type, txn_time) VALUES (76,  -87, 'redeem', '2026-05-16T21:55:42'::timestamp);
INSERT INTO loyalty_txn (loyalty_id, points_change, txn_type, txn_time) VALUES (76, 103, 'earn', '2026-05-09T05:40:32'::timestamp);
INSERT INTO loyalty_txn (loyalty_id, points_change, txn_type, txn_time) VALUES (76, 73, 'earn', '2026-05-10T21:45:18'::timestamp);
INSERT INTO loyalty_txn (loyalty_id, points_change, txn_type, txn_time) VALUES (77,  -24, 'redeem', '2026-05-08T01:14:31'::timestamp);
INSERT INTO loyalty_txn (loyalty_id, points_change, txn_type, txn_time) VALUES (77,  -78, 'redeem', '2026-05-06T14:24:53'::timestamp);
INSERT INTO loyalty_txn (loyalty_id, points_change, txn_type, txn_time) VALUES (77, 139, 'earn', '2026-05-07T06:31:17'::timestamp);
INSERT INTO loyalty_txn (loyalty_id, points_change, txn_type, txn_time) VALUES (78,  -12, 'redeem', '2026-05-18T06:42:02'::timestamp);
INSERT INTO loyalty_txn (loyalty_id, points_change, txn_type, txn_time) VALUES (78, 133, 'earn', '2026-05-07T11:31:00'::timestamp);
INSERT INTO loyalty_txn (loyalty_id, points_change, txn_type, txn_time) VALUES (78,  -16, 'redeem', '2026-05-03T11:09:36'::timestamp);
INSERT INTO loyalty_txn (loyalty_id, points_change, txn_type, txn_time) VALUES (78, 2, 'earn', '2026-05-11T12:43:31'::timestamp);
INSERT INTO loyalty_txn (loyalty_id, points_change, txn_type, txn_time) VALUES (78,  -73, 'redeem', '2026-05-13T14:47:35'::timestamp);
INSERT INTO loyalty_txn (loyalty_id, points_change, txn_type, txn_time) VALUES (79, 83, 'earn', '2026-05-03T14:43:17'::timestamp);
INSERT INTO loyalty_txn (loyalty_id, points_change, txn_type, txn_time) VALUES (79,  -9, 'redeem', '2026-05-08T16:17:36'::timestamp);
INSERT INTO loyalty_txn (loyalty_id, points_change, txn_type, txn_time) VALUES (79, 55, 'earn', '2026-05-04T07:25:40'::timestamp);
INSERT INTO loyalty_txn (loyalty_id, points_change, txn_type, txn_time) VALUES (79, 66, 'earn', '2026-05-08T08:36:02'::timestamp);
INSERT INTO loyalty_txn (loyalty_id, points_change, txn_type, txn_time) VALUES (79,  -1, 'redeem', '2026-05-08T21:26:01'::timestamp);
INSERT INTO loyalty_txn (loyalty_id, points_change, txn_type, txn_time) VALUES (80, 26, 'earn', '2026-05-07T08:33:31'::timestamp);
INSERT INTO loyalty_txn (loyalty_id, points_change, txn_type, txn_time) VALUES (80, 172, 'earn', '2026-05-08T11:16:20'::timestamp);
INSERT INTO loyalty_txn (loyalty_id, points_change, txn_type, txn_time) VALUES (80, 117, 'earn', '2026-05-16T07:29:45'::timestamp);
INSERT INTO loyalty_txn (loyalty_id, points_change, txn_type, txn_time) VALUES (80, 0, 'earn', '2026-05-03T16:28:05'::timestamp);
INSERT INTO loyalty_txn (loyalty_id, points_change, txn_type, txn_time) VALUES (80, 35, 'earn', '2026-05-13T19:33:23'::timestamp);
INSERT INTO loyalty_txn (loyalty_id, points_change, txn_type, txn_time) VALUES (81,  -19, 'redeem', '2026-05-08T12:08:35'::timestamp);
INSERT INTO loyalty_txn (loyalty_id, points_change, txn_type, txn_time) VALUES (81, 199, 'earn', '2026-05-06T10:51:16'::timestamp);
INSERT INTO loyalty_txn (loyalty_id, points_change, txn_type, txn_time) VALUES (82, 111, 'earn', '2026-05-09T09:33:58'::timestamp);
INSERT INTO loyalty_txn (loyalty_id, points_change, txn_type, txn_time) VALUES (82, 148, 'earn', '2026-05-17T23:18:26'::timestamp);
INSERT INTO loyalty_txn (loyalty_id, points_change, txn_type, txn_time) VALUES (82, 199, 'earn', '2026-05-11T16:12:38'::timestamp);
INSERT INTO loyalty_txn (loyalty_id, points_change, txn_type, txn_time) VALUES (82, 87, 'earn', '2026-05-13T08:41:26'::timestamp);
INSERT INTO loyalty_txn (loyalty_id, points_change, txn_type, txn_time) VALUES (82,  -68, 'redeem', '2026-05-13T07:44:58'::timestamp);
INSERT INTO loyalty_txn (loyalty_id, points_change, txn_type, txn_time) VALUES (83, 139, 'earn', '2026-05-17T22:37:31'::timestamp);
INSERT INTO loyalty_txn (loyalty_id, points_change, txn_type, txn_time) VALUES (83, 166, 'earn', '2026-05-06T13:39:26'::timestamp);
INSERT INTO loyalty_txn (loyalty_id, points_change, txn_type, txn_time) VALUES (84, 127, 'earn', '2026-05-10T00:05:29'::timestamp);
INSERT INTO loyalty_txn (loyalty_id, points_change, txn_type, txn_time) VALUES (84, 182, 'earn', '2026-05-08T03:00:54'::timestamp);
INSERT INTO loyalty_txn (loyalty_id, points_change, txn_type, txn_time) VALUES (85, 95, 'earn', '2026-05-03T07:19:45'::timestamp);
INSERT INTO loyalty_txn (loyalty_id, points_change, txn_type, txn_time) VALUES (85, 72, 'earn', '2026-05-11T06:55:57'::timestamp);
INSERT INTO loyalty_txn (loyalty_id, points_change, txn_type, txn_time) VALUES (85,  -76, 'redeem', '2026-05-10T18:32:46'::timestamp);
INSERT INTO loyalty_txn (loyalty_id, points_change, txn_type, txn_time) VALUES (85, 18, 'earn', '2026-05-11T22:23:57'::timestamp);
INSERT INTO loyalty_txn (loyalty_id, points_change, txn_type, txn_time) VALUES (85,  -91, 'redeem', '2026-05-02T03:55:23'::timestamp);
INSERT INTO loyalty_txn (loyalty_id, points_change, txn_type, txn_time) VALUES (86, 133, 'earn', '2026-05-14T19:06:42'::timestamp);
INSERT INTO loyalty_txn (loyalty_id, points_change, txn_type, txn_time) VALUES (86, 9, 'earn', '2026-05-18T05:12:57'::timestamp);
INSERT INTO loyalty_txn (loyalty_id, points_change, txn_type, txn_time) VALUES (86, 46, 'earn', '2026-05-10T13:18:31'::timestamp);
INSERT INTO loyalty_txn (loyalty_id, points_change, txn_type, txn_time) VALUES (86, 0, 'earn', '2026-05-10T20:09:52'::timestamp);
INSERT INTO loyalty_txn (loyalty_id, points_change, txn_type, txn_time) VALUES (86, 196, 'earn', '2026-05-05T17:57:27'::timestamp);
INSERT INTO loyalty_txn (loyalty_id, points_change, txn_type, txn_time) VALUES (87,  -17, 'redeem', '2026-05-11T14:02:50'::timestamp);
INSERT INTO loyalty_txn (loyalty_id, points_change, txn_type, txn_time) VALUES (87, 155, 'earn', '2026-05-05T06:57:34'::timestamp);
INSERT INTO loyalty_txn (loyalty_id, points_change, txn_type, txn_time) VALUES (88, 153, 'earn', '2026-05-04T17:01:44'::timestamp);
INSERT INTO loyalty_txn (loyalty_id, points_change, txn_type, txn_time) VALUES (88,  -27, 'redeem', '2026-05-12T04:59:47'::timestamp);
INSERT INTO loyalty_txn (loyalty_id, points_change, txn_type, txn_time) VALUES (88, 161, 'earn', '2026-05-09T13:21:30'::timestamp);
INSERT INTO loyalty_txn (loyalty_id, points_change, txn_type, txn_time) VALUES (88, 0, 'earn', '2026-05-14T09:13:03'::timestamp);
INSERT INTO loyalty_txn (loyalty_id, points_change, txn_type, txn_time) VALUES (89, 105, 'earn', '2026-05-01T10:40:58'::timestamp);
INSERT INTO loyalty_txn (loyalty_id, points_change, txn_type, txn_time) VALUES (89, 40, 'earn', '2026-05-16T06:11:31'::timestamp);
INSERT INTO loyalty_txn (loyalty_id, points_change, txn_type, txn_time) VALUES (89,  -95, 'redeem', '2026-05-11T02:58:17'::timestamp);
INSERT INTO loyalty_txn (loyalty_id, points_change, txn_type, txn_time) VALUES (89,  -3, 'redeem', '2026-05-07T06:23:42'::timestamp);
INSERT INTO loyalty_txn (loyalty_id, points_change, txn_type, txn_time) VALUES (89,  -66, 'redeem', '2026-05-09T00:29:13'::timestamp);
INSERT INTO loyalty_txn (loyalty_id, points_change, txn_type, txn_time) VALUES (90,  -19, 'redeem', '2026-05-13T03:41:37'::timestamp);
INSERT INTO loyalty_txn (loyalty_id, points_change, txn_type, txn_time) VALUES (90, 119, 'earn', '2026-05-17T11:27:51'::timestamp);
INSERT INTO loyalty_txn (loyalty_id, points_change, txn_type, txn_time) VALUES (90, 104, 'earn', '2026-05-05T20:41:16'::timestamp);
INSERT INTO loyalty_txn (loyalty_id, points_change, txn_type, txn_time) VALUES (90,  -1, 'redeem', '2026-05-03T01:46:40'::timestamp);
INSERT INTO loyalty_txn (loyalty_id, points_change, txn_type, txn_time) VALUES (90,  -71, 'redeem', '2026-05-08T00:41:36'::timestamp);
INSERT INTO loyalty_txn (loyalty_id, points_change, txn_type, txn_time) VALUES (91, 47, 'earn', '2026-05-10T21:51:47'::timestamp);
INSERT INTO loyalty_txn (loyalty_id, points_change, txn_type, txn_time) VALUES (91,  -30, 'redeem', '2026-05-01T07:36:46'::timestamp);
INSERT INTO loyalty_txn (loyalty_id, points_change, txn_type, txn_time) VALUES (92, 171, 'earn', '2026-05-03T08:17:26'::timestamp);
INSERT INTO loyalty_txn (loyalty_id, points_change, txn_type, txn_time) VALUES (92, 195, 'earn', '2026-05-08T00:45:27'::timestamp);
INSERT INTO loyalty_txn (loyalty_id, points_change, txn_type, txn_time) VALUES (92, 95, 'earn', '2026-05-05T15:09:29'::timestamp);
INSERT INTO loyalty_txn (loyalty_id, points_change, txn_type, txn_time) VALUES (92, 2, 'earn', '2026-05-05T19:44:52'::timestamp);
INSERT INTO loyalty_txn (loyalty_id, points_change, txn_type, txn_time) VALUES (93, 151, 'earn', '2026-05-09T11:11:33'::timestamp);
INSERT INTO loyalty_txn (loyalty_id, points_change, txn_type, txn_time) VALUES (93, 25, 'earn', '2026-05-10T19:28:12'::timestamp);
INSERT INTO loyalty_txn (loyalty_id, points_change, txn_type, txn_time) VALUES (93, 198, 'earn', '2026-05-06T10:58:52'::timestamp);
INSERT INTO loyalty_txn (loyalty_id, points_change, txn_type, txn_time) VALUES (93, 79, 'earn', '2026-05-08T00:37:06'::timestamp);
INSERT INTO loyalty_txn (loyalty_id, points_change, txn_type, txn_time) VALUES (93, 129, 'earn', '2026-05-02T12:45:48'::timestamp);
INSERT INTO loyalty_txn (loyalty_id, points_change, txn_type, txn_time) VALUES (94,  -51, 'redeem', '2026-05-01T21:36:14'::timestamp);
INSERT INTO loyalty_txn (loyalty_id, points_change, txn_type, txn_time) VALUES (94, 138, 'earn', '2026-05-02T02:28:03'::timestamp);
INSERT INTO loyalty_txn (loyalty_id, points_change, txn_type, txn_time) VALUES (94, 167, 'earn', '2026-05-10T08:51:00'::timestamp);
INSERT INTO loyalty_txn (loyalty_id, points_change, txn_type, txn_time) VALUES (94,  -8, 'redeem', '2026-05-05T18:23:22'::timestamp);
INSERT INTO loyalty_txn (loyalty_id, points_change, txn_type, txn_time) VALUES (94, 85, 'earn', '2026-05-02T04:29:29'::timestamp);
INSERT INTO loyalty_txn (loyalty_id, points_change, txn_type, txn_time) VALUES (95,  -27, 'redeem', '2026-05-03T13:54:24'::timestamp);
INSERT INTO loyalty_txn (loyalty_id, points_change, txn_type, txn_time) VALUES (95, 36, 'earn', '2026-05-01T06:00:28'::timestamp);
INSERT INTO loyalty_txn (loyalty_id, points_change, txn_type, txn_time) VALUES (95, 63, 'earn', '2026-05-10T12:21:48'::timestamp);
INSERT INTO loyalty_txn (loyalty_id, points_change, txn_type, txn_time) VALUES (95, 168, 'earn', '2026-05-18T01:21:41'::timestamp);
INSERT INTO loyalty_txn (loyalty_id, points_change, txn_type, txn_time) VALUES (96,  -69, 'redeem', '2026-05-02T02:25:53'::timestamp);
INSERT INTO loyalty_txn (loyalty_id, points_change, txn_type, txn_time) VALUES (96, 38, 'earn', '2026-05-14T17:43:56'::timestamp);
INSERT INTO loyalty_txn (loyalty_id, points_change, txn_type, txn_time) VALUES (96,  -6, 'redeem', '2026-05-11T06:25:39'::timestamp);
INSERT INTO loyalty_txn (loyalty_id, points_change, txn_type, txn_time) VALUES (97, 114, 'earn', '2026-05-08T19:31:40'::timestamp);
INSERT INTO loyalty_txn (loyalty_id, points_change, txn_type, txn_time) VALUES (97, 3, 'earn', '2026-05-02T06:33:55'::timestamp);
INSERT INTO loyalty_txn (loyalty_id, points_change, txn_type, txn_time) VALUES (97,  -37, 'redeem', '2026-05-11T18:32:42'::timestamp);
INSERT INTO loyalty_txn (loyalty_id, points_change, txn_type, txn_time) VALUES (97, 27, 'earn', '2026-05-12T14:41:40'::timestamp);
INSERT INTO loyalty_txn (loyalty_id, points_change, txn_type, txn_time) VALUES (98,  -96, 'redeem', '2026-05-06T16:41:00'::timestamp);
INSERT INTO loyalty_txn (loyalty_id, points_change, txn_type, txn_time) VALUES (98, 39, 'earn', '2026-05-18T09:26:31'::timestamp);
INSERT INTO loyalty_txn (loyalty_id, points_change, txn_type, txn_time) VALUES (98, 86, 'earn', '2026-05-10T06:23:49'::timestamp);
INSERT INTO loyalty_txn (loyalty_id, points_change, txn_type, txn_time) VALUES (98,  -52, 'redeem', '2026-05-05T15:47:24'::timestamp);
INSERT INTO loyalty_txn (loyalty_id, points_change, txn_type, txn_time) VALUES (99, 76, 'earn', '2026-05-13T13:49:17'::timestamp);
INSERT INTO loyalty_txn (loyalty_id, points_change, txn_type, txn_time) VALUES (99,  -34, 'redeem', '2026-05-17T16:16:56'::timestamp);
INSERT INTO loyalty_txn (loyalty_id, points_change, txn_type, txn_time) VALUES (99, 176, 'earn', '2026-05-03T19:31:13'::timestamp);
INSERT INTO loyalty_txn (loyalty_id, points_change, txn_type, txn_time) VALUES (100,  -45, 'redeem', '2026-05-14T07:24:50'::timestamp);
INSERT INTO loyalty_txn (loyalty_id, points_change, txn_type, txn_time) VALUES (100, 23, 'earn', '2026-05-16T08:33:40'::timestamp);
INSERT INTO loyalty_txn (loyalty_id, points_change, txn_type, txn_time) VALUES (101, 151, 'earn', '2026-05-07T10:14:58'::timestamp);
INSERT INTO loyalty_txn (loyalty_id, points_change, txn_type, txn_time) VALUES (101,  -67, 'redeem', '2026-05-15T02:41:25'::timestamp);
INSERT INTO loyalty_txn (loyalty_id, points_change, txn_type, txn_time) VALUES (101, 53, 'earn', '2026-05-13T05:12:01'::timestamp);
INSERT INTO loyalty_txn (loyalty_id, points_change, txn_type, txn_time) VALUES (102, 59, 'earn', '2026-05-05T13:02:42'::timestamp);
INSERT INTO loyalty_txn (loyalty_id, points_change, txn_type, txn_time) VALUES (102,  -34, 'redeem', '2026-05-02T03:02:53'::timestamp);
INSERT INTO loyalty_txn (loyalty_id, points_change, txn_type, txn_time) VALUES (103, 195, 'earn', '2026-05-03T04:52:37'::timestamp);
INSERT INTO loyalty_txn (loyalty_id, points_change, txn_type, txn_time) VALUES (103, 199, 'earn', '2026-05-02T08:55:56'::timestamp);
INSERT INTO loyalty_txn (loyalty_id, points_change, txn_type, txn_time) VALUES (103, 188, 'earn', '2026-05-10T04:26:26'::timestamp);
INSERT INTO loyalty_txn (loyalty_id, points_change, txn_type, txn_time) VALUES (103, 5, 'earn', '2026-05-08T09:59:38'::timestamp);
INSERT INTO loyalty_txn (loyalty_id, points_change, txn_type, txn_time) VALUES (103,  -27, 'redeem', '2026-05-17T11:06:32'::timestamp);
INSERT INTO loyalty_txn (loyalty_id, points_change, txn_type, txn_time) VALUES (104, 190, 'earn', '2026-05-14T02:28:21'::timestamp);
INSERT INTO loyalty_txn (loyalty_id, points_change, txn_type, txn_time) VALUES (104, 70, 'earn', '2026-05-12T12:22:39'::timestamp);
INSERT INTO loyalty_txn (loyalty_id, points_change, txn_type, txn_time) VALUES (104, 195, 'earn', '2026-05-14T22:06:03'::timestamp);
INSERT INTO loyalty_txn (loyalty_id, points_change, txn_type, txn_time) VALUES (104,  -87, 'redeem', '2026-05-03T00:54:50'::timestamp);
INSERT INTO loyalty_txn (loyalty_id, points_change, txn_type, txn_time) VALUES (104,  -44, 'redeem', '2026-05-09T00:36:27'::timestamp);
INSERT INTO loyalty_txn (loyalty_id, points_change, txn_type, txn_time) VALUES (105,  -81, 'redeem', '2026-05-13T15:46:03'::timestamp);
INSERT INTO loyalty_txn (loyalty_id, points_change, txn_type, txn_time) VALUES (105, 64, 'earn', '2026-05-10T15:00:02'::timestamp);
INSERT INTO loyalty_txn (loyalty_id, points_change, txn_type, txn_time) VALUES (105,  -37, 'redeem', '2026-05-02T22:21:36'::timestamp);
INSERT INTO loyalty_txn (loyalty_id, points_change, txn_type, txn_time) VALUES (105, 144, 'earn', '2026-05-07T18:23:42'::timestamp);
INSERT INTO loyalty_txn (loyalty_id, points_change, txn_type, txn_time) VALUES (106,  -45, 'redeem', '2026-05-06T17:26:55'::timestamp);
INSERT INTO loyalty_txn (loyalty_id, points_change, txn_type, txn_time) VALUES (106,  -76, 'redeem', '2026-05-16T09:58:34'::timestamp);
INSERT INTO loyalty_txn (loyalty_id, points_change, txn_type, txn_time) VALUES (106, 50, 'earn', '2026-05-09T14:51:54'::timestamp);
INSERT INTO loyalty_txn (loyalty_id, points_change, txn_type, txn_time) VALUES (106, 24, 'earn', '2026-05-18T08:05:43'::timestamp);
INSERT INTO loyalty_txn (loyalty_id, points_change, txn_type, txn_time) VALUES (106, 116, 'earn', '2026-05-15T14:08:21'::timestamp);
INSERT INTO loyalty_txn (loyalty_id, points_change, txn_type, txn_time) VALUES (107, 25, 'earn', '2026-05-05T17:02:01'::timestamp);
INSERT INTO loyalty_txn (loyalty_id, points_change, txn_type, txn_time) VALUES (107, 131, 'earn', '2026-05-16T21:38:08'::timestamp);
INSERT INTO loyalty_txn (loyalty_id, points_change, txn_type, txn_time) VALUES (107, 175, 'earn', '2026-05-02T15:50:10'::timestamp);
INSERT INTO loyalty_txn (loyalty_id, points_change, txn_type, txn_time) VALUES (108,  -67, 'redeem', '2026-05-07T22:35:40'::timestamp);
INSERT INTO loyalty_txn (loyalty_id, points_change, txn_type, txn_time) VALUES (108,  -61, 'redeem', '2026-05-06T07:29:03'::timestamp);
INSERT INTO loyalty_txn (loyalty_id, points_change, txn_type, txn_time) VALUES (108, 91, 'earn', '2026-05-11T21:08:49'::timestamp);
INSERT INTO loyalty_txn (loyalty_id, points_change, txn_type, txn_time) VALUES (108, 137, 'earn', '2026-05-11T10:23:39'::timestamp);
INSERT INTO loyalty_txn (loyalty_id, points_change, txn_type, txn_time) VALUES (108, 132, 'earn', '2026-05-12T11:28:36'::timestamp);
INSERT INTO loyalty_txn (loyalty_id, points_change, txn_type, txn_time) VALUES (109,  -39, 'redeem', '2026-05-01T05:23:34'::timestamp);
INSERT INTO loyalty_txn (loyalty_id, points_change, txn_type, txn_time) VALUES (109, 124, 'earn', '2026-05-11T12:36:54'::timestamp);
INSERT INTO loyalty_txn (loyalty_id, points_change, txn_type, txn_time) VALUES (109, 128, 'earn', '2026-05-09T20:17:30'::timestamp);
INSERT INTO loyalty_txn (loyalty_id, points_change, txn_type, txn_time) VALUES (109, 23, 'earn', '2026-05-01T07:33:30'::timestamp);
INSERT INTO loyalty_txn (loyalty_id, points_change, txn_type, txn_time) VALUES (109, 54, 'earn', '2026-05-09T16:34:59'::timestamp);
INSERT INTO loyalty_txn (loyalty_id, points_change, txn_type, txn_time) VALUES (110,  -41, 'redeem', '2026-05-07T11:58:18'::timestamp);
INSERT INTO loyalty_txn (loyalty_id, points_change, txn_type, txn_time) VALUES (110, 51, 'earn', '2026-05-15T14:01:15'::timestamp);
INSERT INTO loyalty_txn (loyalty_id, points_change, txn_type, txn_time) VALUES (110, 35, 'earn', '2026-05-12T20:30:23'::timestamp);
INSERT INTO loyalty_txn (loyalty_id, points_change, txn_type, txn_time) VALUES (110,  -74, 'redeem', '2026-05-04T10:21:03'::timestamp);
INSERT INTO loyalty_txn (loyalty_id, points_change, txn_type, txn_time) VALUES (111, 10, 'earn', '2026-05-15T00:23:26'::timestamp);
INSERT INTO loyalty_txn (loyalty_id, points_change, txn_type, txn_time) VALUES (111,  -82, 'redeem', '2026-05-08T23:11:45'::timestamp);
INSERT INTO loyalty_txn (loyalty_id, points_change, txn_type, txn_time) VALUES (111, 175, 'earn', '2026-05-07T13:12:45'::timestamp);
INSERT INTO loyalty_txn (loyalty_id, points_change, txn_type, txn_time) VALUES (111,  -33, 'redeem', '2026-05-08T01:51:28'::timestamp);
INSERT INTO loyalty_txn (loyalty_id, points_change, txn_type, txn_time) VALUES (111, 81, 'earn', '2026-05-11T19:22:25'::timestamp);
INSERT INTO loyalty_txn (loyalty_id, points_change, txn_type, txn_time) VALUES (112,  -40, 'redeem', '2026-05-04T22:19:31'::timestamp);
INSERT INTO loyalty_txn (loyalty_id, points_change, txn_type, txn_time) VALUES (112, 12, 'earn', '2026-05-05T17:07:11'::timestamp);
INSERT INTO loyalty_txn (loyalty_id, points_change, txn_type, txn_time) VALUES (112, 0, 'earn', '2026-05-01T17:26:21'::timestamp);
INSERT INTO loyalty_txn (loyalty_id, points_change, txn_type, txn_time) VALUES (112,  -44, 'redeem', '2026-05-06T16:34:15'::timestamp);
INSERT INTO loyalty_txn (loyalty_id, points_change, txn_type, txn_time) VALUES (113,  -57, 'redeem', '2026-05-14T20:20:59'::timestamp);
INSERT INTO loyalty_txn (loyalty_id, points_change, txn_type, txn_time) VALUES (113, 84, 'earn', '2026-05-01T16:02:07'::timestamp);
INSERT INTO loyalty_txn (loyalty_id, points_change, txn_type, txn_time) VALUES (113, 188, 'earn', '2026-05-07T06:10:28'::timestamp);
INSERT INTO loyalty_txn (loyalty_id, points_change, txn_type, txn_time) VALUES (113, 64, 'earn', '2026-05-13T15:18:10'::timestamp);
INSERT INTO loyalty_txn (loyalty_id, points_change, txn_type, txn_time) VALUES (114,  -81, 'redeem', '2026-05-11T16:30:06'::timestamp);
INSERT INTO loyalty_txn (loyalty_id, points_change, txn_type, txn_time) VALUES (114, 77, 'earn', '2026-05-02T23:22:01'::timestamp);
INSERT INTO loyalty_txn (loyalty_id, points_change, txn_type, txn_time) VALUES (115, 9, 'earn', '2026-05-09T03:56:28'::timestamp);
INSERT INTO loyalty_txn (loyalty_id, points_change, txn_type, txn_time) VALUES (115,  -93, 'redeem', '2026-05-17T19:05:13'::timestamp);
INSERT INTO loyalty_txn (loyalty_id, points_change, txn_type, txn_time) VALUES (115,  -69, 'redeem', '2026-05-05T19:03:47'::timestamp);
INSERT INTO loyalty_txn (loyalty_id, points_change, txn_type, txn_time) VALUES (115, 178, 'earn', '2026-05-11T02:33:05'::timestamp);
INSERT INTO loyalty_txn (loyalty_id, points_change, txn_type, txn_time) VALUES (115, 64, 'earn', '2026-05-14T03:27:55'::timestamp);
INSERT INTO loyalty_txn (loyalty_id, points_change, txn_type, txn_time) VALUES (116,  -85, 'redeem', '2026-05-01T23:23:49'::timestamp);
INSERT INTO loyalty_txn (loyalty_id, points_change, txn_type, txn_time) VALUES (116,  -40, 'redeem', '2026-05-09T02:38:05'::timestamp);
INSERT INTO loyalty_txn (loyalty_id, points_change, txn_type, txn_time) VALUES (117, 172, 'earn', '2026-05-08T13:24:42'::timestamp);
INSERT INTO loyalty_txn (loyalty_id, points_change, txn_type, txn_time) VALUES (117, 139, 'earn', '2026-05-09T18:38:48'::timestamp);
INSERT INTO loyalty_txn (loyalty_id, points_change, txn_type, txn_time) VALUES (117,  -6, 'redeem', '2026-05-05T20:53:25'::timestamp);
INSERT INTO loyalty_txn (loyalty_id, points_change, txn_type, txn_time) VALUES (117, 121, 'earn', '2026-05-14T14:59:18'::timestamp);
INSERT INTO loyalty_txn (loyalty_id, points_change, txn_type, txn_time) VALUES (118, 70, 'earn', '2026-05-02T18:17:45'::timestamp);
INSERT INTO loyalty_txn (loyalty_id, points_change, txn_type, txn_time) VALUES (118, 106, 'earn', '2026-05-15T14:32:29'::timestamp);
INSERT INTO loyalty_txn (loyalty_id, points_change, txn_type, txn_time) VALUES (118, 191, 'earn', '2026-05-13T20:16:08'::timestamp);
INSERT INTO loyalty_txn (loyalty_id, points_change, txn_type, txn_time) VALUES (118,  -7, 'redeem', '2026-05-11T11:16:28'::timestamp);
INSERT INTO loyalty_txn (loyalty_id, points_change, txn_type, txn_time) VALUES (119,  -8, 'redeem', '2026-05-12T06:01:44'::timestamp);
INSERT INTO loyalty_txn (loyalty_id, points_change, txn_type, txn_time) VALUES (119,  -34, 'redeem', '2026-05-13T17:43:22'::timestamp);
INSERT INTO loyalty_txn (loyalty_id, points_change, txn_type, txn_time) VALUES (119, 199, 'earn', '2026-05-15T01:06:41'::timestamp);
INSERT INTO loyalty_txn (loyalty_id, points_change, txn_type, txn_time) VALUES (120, 86, 'earn', '2026-05-13T00:36:30'::timestamp);
INSERT INTO loyalty_txn (loyalty_id, points_change, txn_type, txn_time) VALUES (120,  -52, 'redeem', '2026-05-12T23:36:10'::timestamp);
INSERT INTO loyalty_txn (loyalty_id, points_change, txn_type, txn_time) VALUES (120,  -53, 'redeem', '2026-05-10T19:34:32'::timestamp);
INSERT INTO loyalty_txn (loyalty_id, points_change, txn_type, txn_time) VALUES (120, 183, 'earn', '2026-05-09T08:04:06'::timestamp);
INSERT INTO loyalty_txn (loyalty_id, points_change, txn_type, txn_time) VALUES (121,  -9, 'redeem', '2026-05-17T13:38:08'::timestamp);
INSERT INTO loyalty_txn (loyalty_id, points_change, txn_type, txn_time) VALUES (121, 73, 'earn', '2026-05-11T07:50:05'::timestamp);
INSERT INTO loyalty_txn (loyalty_id, points_change, txn_type, txn_time) VALUES (121, 24, 'earn', '2026-05-14T01:44:16'::timestamp);
INSERT INTO loyalty_txn (loyalty_id, points_change, txn_type, txn_time) VALUES (122,  -100, 'redeem', '2026-05-14T06:00:17'::timestamp);
INSERT INTO loyalty_txn (loyalty_id, points_change, txn_type, txn_time) VALUES (122, 71, 'earn', '2026-05-04T18:30:20'::timestamp);
INSERT INTO loyalty_txn (loyalty_id, points_change, txn_type, txn_time) VALUES (122, 176, 'earn', '2026-05-06T19:49:03'::timestamp);
INSERT INTO loyalty_txn (loyalty_id, points_change, txn_type, txn_time) VALUES (123, 195, 'earn', '2026-05-10T11:59:01'::timestamp);
INSERT INTO loyalty_txn (loyalty_id, points_change, txn_type, txn_time) VALUES (123, 138, 'earn', '2026-05-14T16:29:51'::timestamp);
INSERT INTO loyalty_txn (loyalty_id, points_change, txn_type, txn_time) VALUES (123, 197, 'earn', '2026-05-12T12:17:26'::timestamp);
INSERT INTO loyalty_txn (loyalty_id, points_change, txn_type, txn_time) VALUES (124,  -75, 'redeem', '2026-05-17T19:41:00'::timestamp);
INSERT INTO loyalty_txn (loyalty_id, points_change, txn_type, txn_time) VALUES (124,  -68, 'redeem', '2026-05-18T13:43:58'::timestamp);
INSERT INTO loyalty_txn (loyalty_id, points_change, txn_type, txn_time) VALUES (124,  -22, 'redeem', '2026-05-04T18:51:27'::timestamp);
INSERT INTO loyalty_txn (loyalty_id, points_change, txn_type, txn_time) VALUES (124, 160, 'earn', '2026-05-07T01:13:05'::timestamp);
INSERT INTO loyalty_txn (loyalty_id, points_change, txn_type, txn_time) VALUES (125, 14, 'earn', '2026-05-10T20:42:19'::timestamp);
INSERT INTO loyalty_txn (loyalty_id, points_change, txn_type, txn_time) VALUES (125, 57, 'earn', '2026-05-09T03:51:44'::timestamp);
INSERT INTO loyalty_txn (loyalty_id, points_change, txn_type, txn_time) VALUES (125,  -83, 'redeem', '2026-05-17T20:47:58'::timestamp);
INSERT INTO loyalty_txn (loyalty_id, points_change, txn_type, txn_time) VALUES (125, 15, 'earn', '2026-05-16T01:27:56'::timestamp);
INSERT INTO loyalty_txn (loyalty_id, points_change, txn_type, txn_time) VALUES (125, 100, 'earn', '2026-05-07T07:23:13'::timestamp);
INSERT INTO loyalty_txn (loyalty_id, points_change, txn_type, txn_time) VALUES (126, 72, 'earn', '2026-05-16T15:31:30'::timestamp);
INSERT INTO loyalty_txn (loyalty_id, points_change, txn_type, txn_time) VALUES (126, 100, 'earn', '2026-05-04T01:57:42'::timestamp);
INSERT INTO loyalty_txn (loyalty_id, points_change, txn_type, txn_time) VALUES (126, 16, 'earn', '2026-05-04T12:26:51'::timestamp);
INSERT INTO loyalty_txn (loyalty_id, points_change, txn_type, txn_time) VALUES (127,  -28, 'redeem', '2026-05-17T18:41:52'::timestamp);
INSERT INTO loyalty_txn (loyalty_id, points_change, txn_type, txn_time) VALUES (127,  -1, 'redeem', '2026-05-04T05:46:33'::timestamp);
INSERT INTO loyalty_txn (loyalty_id, points_change, txn_type, txn_time) VALUES (127, 136, 'earn', '2026-05-11T04:33:34'::timestamp);
INSERT INTO loyalty_txn (loyalty_id, points_change, txn_type, txn_time) VALUES (128,  -5, 'redeem', '2026-05-13T04:55:36'::timestamp);
INSERT INTO loyalty_txn (loyalty_id, points_change, txn_type, txn_time) VALUES (128, 36, 'earn', '2026-05-08T22:38:20'::timestamp);
INSERT INTO loyalty_txn (loyalty_id, points_change, txn_type, txn_time) VALUES (128, 48, 'earn', '2026-05-04T06:14:32'::timestamp);
INSERT INTO loyalty_txn (loyalty_id, points_change, txn_type, txn_time) VALUES (129,  -27, 'redeem', '2026-05-09T13:09:49'::timestamp);
INSERT INTO loyalty_txn (loyalty_id, points_change, txn_type, txn_time) VALUES (129, 59, 'earn', '2026-05-04T08:07:31'::timestamp);
INSERT INTO loyalty_txn (loyalty_id, points_change, txn_type, txn_time) VALUES (129, 31, 'earn', '2026-05-04T03:22:56'::timestamp);
INSERT INTO loyalty_txn (loyalty_id, points_change, txn_type, txn_time) VALUES (129,  -3, 'redeem', '2026-05-09T17:13:56'::timestamp);
INSERT INTO loyalty_txn (loyalty_id, points_change, txn_type, txn_time) VALUES (129, 23, 'earn', '2026-05-09T10:11:48'::timestamp);
INSERT INTO loyalty_txn (loyalty_id, points_change, txn_type, txn_time) VALUES (130, 68, 'earn', '2026-05-12T22:03:45'::timestamp);
INSERT INTO loyalty_txn (loyalty_id, points_change, txn_type, txn_time) VALUES (130,  -33, 'redeem', '2026-05-07T13:52:17'::timestamp);
INSERT INTO loyalty_txn (loyalty_id, points_change, txn_type, txn_time) VALUES (130, 64, 'earn', '2026-05-10T14:54:47'::timestamp);
INSERT INTO loyalty_txn (loyalty_id, points_change, txn_type, txn_time) VALUES (131,  -22, 'redeem', '2026-05-16T20:02:42'::timestamp);
INSERT INTO loyalty_txn (loyalty_id, points_change, txn_type, txn_time) VALUES (131, 173, 'earn', '2026-05-15T01:00:23'::timestamp);
INSERT INTO loyalty_txn (loyalty_id, points_change, txn_type, txn_time) VALUES (131, 154, 'earn', '2026-05-15T13:05:27'::timestamp);
INSERT INTO loyalty_txn (loyalty_id, points_change, txn_type, txn_time) VALUES (131, 122, 'earn', '2026-05-06T05:29:36'::timestamp);
INSERT INTO loyalty_txn (loyalty_id, points_change, txn_type, txn_time) VALUES (131, 105, 'earn', '2026-05-08T16:28:48'::timestamp);
INSERT INTO loyalty_txn (loyalty_id, points_change, txn_type, txn_time) VALUES (132, 59, 'earn', '2026-05-07T18:18:33'::timestamp);
INSERT INTO loyalty_txn (loyalty_id, points_change, txn_type, txn_time) VALUES (132,  -60, 'redeem', '2026-05-17T14:29:00'::timestamp);
INSERT INTO loyalty_txn (loyalty_id, points_change, txn_type, txn_time) VALUES (133, 2, 'earn', '2026-05-10T23:07:34'::timestamp);
INSERT INTO loyalty_txn (loyalty_id, points_change, txn_type, txn_time) VALUES (133, 34, 'earn', '2026-05-06T22:38:36'::timestamp);
INSERT INTO loyalty_txn (loyalty_id, points_change, txn_type, txn_time) VALUES (134, 185, 'earn', '2026-05-11T20:01:27'::timestamp);
INSERT INTO loyalty_txn (loyalty_id, points_change, txn_type, txn_time) VALUES (134,  -72, 'redeem', '2026-05-02T18:38:22'::timestamp);
INSERT INTO loyalty_txn (loyalty_id, points_change, txn_type, txn_time) VALUES (134,  -45, 'redeem', '2026-05-06T04:12:51'::timestamp);
INSERT INTO loyalty_txn (loyalty_id, points_change, txn_type, txn_time) VALUES (134,  -54, 'redeem', '2026-05-17T07:13:39'::timestamp);
INSERT INTO loyalty_txn (loyalty_id, points_change, txn_type, txn_time) VALUES (135, 39, 'earn', '2026-05-01T08:00:22'::timestamp);
INSERT INTO loyalty_txn (loyalty_id, points_change, txn_type, txn_time) VALUES (135,  -57, 'redeem', '2026-05-16T11:45:18'::timestamp);
INSERT INTO loyalty_txn (loyalty_id, points_change, txn_type, txn_time) VALUES (135, 157, 'earn', '2026-05-11T12:51:08'::timestamp);
INSERT INTO loyalty_txn (loyalty_id, points_change, txn_type, txn_time) VALUES (135,  -48, 'redeem', '2026-05-11T06:32:37'::timestamp);
INSERT INTO loyalty_txn (loyalty_id, points_change, txn_type, txn_time) VALUES (135,  -38, 'redeem', '2026-05-04T20:19:31'::timestamp);
INSERT INTO loyalty_txn (loyalty_id, points_change, txn_type, txn_time) VALUES (136, 61, 'earn', '2026-05-11T23:13:58'::timestamp);
INSERT INTO loyalty_txn (loyalty_id, points_change, txn_type, txn_time) VALUES (136, 108, 'earn', '2026-05-08T19:14:27'::timestamp);
INSERT INTO loyalty_txn (loyalty_id, points_change, txn_type, txn_time) VALUES (136, 37, 'earn', '2026-05-04T16:39:54'::timestamp);
INSERT INTO loyalty_txn (loyalty_id, points_change, txn_type, txn_time) VALUES (136, 47, 'earn', '2026-05-12T12:39:37'::timestamp);
INSERT INTO loyalty_txn (loyalty_id, points_change, txn_type, txn_time) VALUES (137,  -5, 'redeem', '2026-05-13T23:19:29'::timestamp);
INSERT INTO loyalty_txn (loyalty_id, points_change, txn_type, txn_time) VALUES (137, 136, 'earn', '2026-05-12T10:21:30'::timestamp);
INSERT INTO loyalty_txn (loyalty_id, points_change, txn_type, txn_time) VALUES (137,  -98, 'redeem', '2026-05-05T22:14:13'::timestamp);
INSERT INTO loyalty_txn (loyalty_id, points_change, txn_type, txn_time) VALUES (137, 181, 'earn', '2026-05-06T14:10:32'::timestamp);
INSERT INTO loyalty_txn (loyalty_id, points_change, txn_type, txn_time) VALUES (137, 40, 'earn', '2026-05-17T11:18:44'::timestamp);
INSERT INTO loyalty_txn (loyalty_id, points_change, txn_type, txn_time) VALUES (138, 63, 'earn', '2026-05-01T21:54:38'::timestamp);
INSERT INTO loyalty_txn (loyalty_id, points_change, txn_type, txn_time) VALUES (138, 62, 'earn', '2026-05-14T10:17:15'::timestamp);
INSERT INTO loyalty_txn (loyalty_id, points_change, txn_type, txn_time) VALUES (138, 44, 'earn', '2026-05-07T13:10:49'::timestamp);
INSERT INTO loyalty_txn (loyalty_id, points_change, txn_type, txn_time) VALUES (139, 127, 'earn', '2026-05-16T18:17:15'::timestamp);
INSERT INTO loyalty_txn (loyalty_id, points_change, txn_type, txn_time) VALUES (139,  -65, 'redeem', '2026-05-13T11:36:22'::timestamp);
INSERT INTO loyalty_txn (loyalty_id, points_change, txn_type, txn_time) VALUES (140,  -91, 'redeem', '2026-05-01T00:18:06'::timestamp);
INSERT INTO loyalty_txn (loyalty_id, points_change, txn_type, txn_time) VALUES (140, 195, 'earn', '2026-05-05T04:16:26'::timestamp);
INSERT INTO loyalty_txn (loyalty_id, points_change, txn_type, txn_time) VALUES (140,  -16, 'redeem', '2026-05-16T00:30:47'::timestamp);
INSERT INTO loyalty_txn (loyalty_id, points_change, txn_type, txn_time) VALUES (140, 76, 'earn', '2026-05-09T18:07:43'::timestamp);
INSERT INTO loyalty_txn (loyalty_id, points_change, txn_type, txn_time) VALUES (140,  -11, 'redeem', '2026-05-11T22:26:23'::timestamp);
INSERT INTO loyalty_txn (loyalty_id, points_change, txn_type, txn_time) VALUES (141, 103, 'earn', '2026-05-02T19:59:18'::timestamp);
INSERT INTO loyalty_txn (loyalty_id, points_change, txn_type, txn_time) VALUES (141,  -48, 'redeem', '2026-05-13T05:35:59'::timestamp);
INSERT INTO loyalty_txn (loyalty_id, points_change, txn_type, txn_time) VALUES (141, 175, 'earn', '2026-05-06T17:18:19'::timestamp);
INSERT INTO loyalty_txn (loyalty_id, points_change, txn_type, txn_time) VALUES (142, 192, 'earn', '2026-05-16T06:44:05'::timestamp);
INSERT INTO loyalty_txn (loyalty_id, points_change, txn_type, txn_time) VALUES (142, 129, 'earn', '2026-05-01T05:03:26'::timestamp);
INSERT INTO loyalty_txn (loyalty_id, points_change, txn_type, txn_time) VALUES (143,  -60, 'redeem', '2026-05-10T14:21:08'::timestamp);
INSERT INTO loyalty_txn (loyalty_id, points_change, txn_type, txn_time) VALUES (143, 112, 'earn', '2026-05-10T15:33:27'::timestamp);
INSERT INTO loyalty_txn (loyalty_id, points_change, txn_type, txn_time) VALUES (143, 57, 'earn', '2026-05-09T04:32:44'::timestamp);
INSERT INTO loyalty_txn (loyalty_id, points_change, txn_type, txn_time) VALUES (143, 47, 'earn', '2026-05-09T13:14:58'::timestamp);
INSERT INTO loyalty_txn (loyalty_id, points_change, txn_type, txn_time) VALUES (143,  -80, 'redeem', '2026-05-07T16:22:58'::timestamp);
INSERT INTO loyalty_txn (loyalty_id, points_change, txn_type, txn_time) VALUES (144,  -6, 'redeem', '2026-05-11T08:08:24'::timestamp);
INSERT INTO loyalty_txn (loyalty_id, points_change, txn_type, txn_time) VALUES (144,  -63, 'redeem', '2026-05-02T08:13:19'::timestamp);
INSERT INTO loyalty_txn (loyalty_id, points_change, txn_type, txn_time) VALUES (144,  -23, 'redeem', '2026-05-11T16:46:29'::timestamp);
INSERT INTO loyalty_txn (loyalty_id, points_change, txn_type, txn_time) VALUES (144, 174, 'earn', '2026-05-10T12:47:09'::timestamp);
INSERT INTO loyalty_txn (loyalty_id, points_change, txn_type, txn_time) VALUES (145, 82, 'earn', '2026-05-17T05:50:25'::timestamp);
INSERT INTO loyalty_txn (loyalty_id, points_change, txn_type, txn_time) VALUES (145,  -50, 'redeem', '2026-05-02T08:22:08'::timestamp);
INSERT INTO loyalty_txn (loyalty_id, points_change, txn_type, txn_time) VALUES (146, 170, 'earn', '2026-05-09T13:47:46'::timestamp);
INSERT INTO loyalty_txn (loyalty_id, points_change, txn_type, txn_time) VALUES (146,  -13, 'redeem', '2026-05-13T20:59:21'::timestamp);
INSERT INTO loyalty_txn (loyalty_id, points_change, txn_type, txn_time) VALUES (146,  -31, 'redeem', '2026-05-17T11:57:00'::timestamp);
INSERT INTO loyalty_txn (loyalty_id, points_change, txn_type, txn_time) VALUES (146, 0, 'earn', '2026-05-08T06:27:47'::timestamp);
INSERT INTO loyalty_txn (loyalty_id, points_change, txn_type, txn_time) VALUES (146, 82, 'earn', '2026-05-16T19:18:01'::timestamp);
INSERT INTO loyalty_txn (loyalty_id, points_change, txn_type, txn_time) VALUES (147, 178, 'earn', '2026-05-13T13:17:38'::timestamp);
INSERT INTO loyalty_txn (loyalty_id, points_change, txn_type, txn_time) VALUES (147, 75, 'earn', '2026-05-14T02:14:01'::timestamp);
INSERT INTO loyalty_txn (loyalty_id, points_change, txn_type, txn_time) VALUES (147, 162, 'earn', '2026-05-13T16:14:57'::timestamp);
INSERT INTO loyalty_txn (loyalty_id, points_change, txn_type, txn_time) VALUES (147,  -55, 'redeem', '2026-05-09T02:54:53'::timestamp);
INSERT INTO loyalty_txn (loyalty_id, points_change, txn_type, txn_time) VALUES (148,  -80, 'redeem', '2026-05-08T21:01:09'::timestamp);
INSERT INTO loyalty_txn (loyalty_id, points_change, txn_type, txn_time) VALUES (148, 36, 'earn', '2026-05-11T04:34:09'::timestamp);
INSERT INTO loyalty_txn (loyalty_id, points_change, txn_type, txn_time) VALUES (149, 195, 'earn', '2026-05-10T11:52:28'::timestamp);
INSERT INTO loyalty_txn (loyalty_id, points_change, txn_type, txn_time) VALUES (149, 34, 'earn', '2026-05-06T04:50:28'::timestamp);
INSERT INTO loyalty_txn (loyalty_id, points_change, txn_type, txn_time) VALUES (149,  -79, 'redeem', '2026-05-09T20:53:25'::timestamp);
INSERT INTO loyalty_txn (loyalty_id, points_change, txn_type, txn_time) VALUES (149, 156, 'earn', '2026-05-12T20:51:46'::timestamp);
INSERT INTO loyalty_txn (loyalty_id, points_change, txn_type, txn_time) VALUES (150, 4, 'earn', '2026-05-16T08:28:14'::timestamp);
INSERT INTO loyalty_txn (loyalty_id, points_change, txn_type, txn_time) VALUES (150, 51, 'earn', '2026-05-01T17:13:04'::timestamp);
INSERT INTO loyalty_txn (loyalty_id, points_change, txn_type, txn_time) VALUES (150, 73, 'earn', '2026-05-11T07:02:30'::timestamp);
INSERT INTO loyalty_txn (loyalty_id, points_change, txn_type, txn_time) VALUES (150, 39, 'earn', '2026-05-07T06:06:55'::timestamp);
INSERT INTO loyalty_txn (loyalty_id, points_change, txn_type, txn_time) VALUES (150, 149, 'earn', '2026-05-07T12:04:29'::timestamp);

-- ORDER_DISCOUNTS
INSERT INTO order_discounts (order_id, discount_id) VALUES (356, 22);
INSERT INTO order_discounts (order_id, discount_id) VALUES (356, 23);
INSERT INTO order_discounts (order_id, discount_id) VALUES (358, 24);
INSERT INTO order_discounts (order_id, discount_id) VALUES (363, 23);
INSERT INTO order_discounts (order_id, discount_id) VALUES (363, 22);
INSERT INTO order_discounts (order_id, discount_id) VALUES (365, 23);
INSERT INTO order_discounts (order_id, discount_id) VALUES (368, 22);
INSERT INTO order_discounts (order_id, discount_id) VALUES (368, 24);
INSERT INTO order_discounts (order_id, discount_id) VALUES (370, 24);
INSERT INTO order_discounts (order_id, discount_id) VALUES (371, 24);
INSERT INTO order_discounts (order_id, discount_id) VALUES (375, 24);
INSERT INTO order_discounts (order_id, discount_id) VALUES (375, 22);
INSERT INTO order_discounts (order_id, discount_id) VALUES (378, 23);
INSERT INTO order_discounts (order_id, discount_id) VALUES (381, 22);
INSERT INTO order_discounts (order_id, discount_id) VALUES (381, 24);
INSERT INTO order_discounts (order_id, discount_id) VALUES (387, 23);
INSERT INTO order_discounts (order_id, discount_id) VALUES (389, 24);
INSERT INTO order_discounts (order_id, discount_id) VALUES (391, 23);
INSERT INTO order_discounts (order_id, discount_id) VALUES (391, 24);
INSERT INTO order_discounts (order_id, discount_id) VALUES (395, 23);
INSERT INTO order_discounts (order_id, discount_id) VALUES (395, 22);
INSERT INTO order_discounts (order_id, discount_id) VALUES (396, 23);
INSERT INTO order_discounts (order_id, discount_id) VALUES (403, 22);
INSERT INTO order_discounts (order_id, discount_id) VALUES (403, 24);

-- ORDER_ITEMS
INSERT INTO order_items (order_id, menu_item_id, quantity, unit_price) VALUES (356, 13, 1, 8.21);
INSERT INTO order_items (order_id, menu_item_id, quantity, unit_price) VALUES (357, 151, 2, 21.94);
INSERT INTO order_items (order_id, menu_item_id, quantity, unit_price) VALUES (357, 29, 3, 11.68);
INSERT INTO order_items (order_id, menu_item_id, quantity, unit_price) VALUES (357, 110, 3, 19.38);
INSERT INTO order_items (order_id, menu_item_id, quantity, unit_price) VALUES (358, 47, 3, 23.36);
INSERT INTO order_items (order_id, menu_item_id, quantity, unit_price) VALUES (358, 227, 1, 12.6);
INSERT INTO order_items (order_id, menu_item_id, quantity, unit_price) VALUES (358, 71, 2, 19.6);
INSERT INTO order_items (order_id, menu_item_id, quantity, unit_price) VALUES (358, 153, 3, 14.17);
INSERT INTO order_items (order_id, menu_item_id, quantity, unit_price) VALUES (358, 163, 2, 7.75);
INSERT INTO order_items (order_id, menu_item_id, quantity, unit_price) VALUES (359, 70, 3, 18.64);
INSERT INTO order_items (order_id, menu_item_id, quantity, unit_price) VALUES (359, 136, 2, 10.91);
INSERT INTO order_items (order_id, menu_item_id, quantity, unit_price) VALUES (359, 98, 2, 18.26);
INSERT INTO order_items (order_id, menu_item_id, quantity, unit_price) VALUES (360, 178, 3, 6.51);
INSERT INTO order_items (order_id, menu_item_id, quantity, unit_price) VALUES (361, 145, 3, 23.07);
INSERT INTO order_items (order_id, menu_item_id, quantity, unit_price) VALUES (361, 163, 1, 27.75);
INSERT INTO order_items (order_id, menu_item_id, quantity, unit_price) VALUES (361, 166, 1, 16.84);
INSERT INTO order_items (order_id, menu_item_id, quantity, unit_price) VALUES (362, 167, 2, 6.46);
INSERT INTO order_items (order_id, menu_item_id, quantity, unit_price) VALUES (362, 165, 2, 22.11);
INSERT INTO order_items (order_id, menu_item_id, quantity, unit_price) VALUES (362, 208, 1, 18.67);
INSERT INTO order_items (order_id, menu_item_id, quantity, unit_price) VALUES (363, 191, 2, 13.23);
INSERT INTO order_items (order_id, menu_item_id, quantity, unit_price) VALUES (363, 142, 3, 29.74);
INSERT INTO order_items (order_id, menu_item_id, quantity, unit_price) VALUES (363, 144, 1, 27.87);
INSERT INTO order_items (order_id, menu_item_id, quantity, unit_price) VALUES (363, 215, 2, 20.49);
INSERT INTO order_items (order_id, menu_item_id, quantity, unit_price) VALUES (364, 183, 3, 19.89);
INSERT INTO order_items (order_id, menu_item_id, quantity, unit_price) VALUES (364, 28, 2, 17.22);
INSERT INTO order_items (order_id, menu_item_id, quantity, unit_price) VALUES (364, 174, 3, 21.04);
INSERT INTO order_items (order_id, menu_item_id, quantity, unit_price) VALUES (365, 72, 3, 10.77);
INSERT INTO order_items (order_id, menu_item_id, quantity, unit_price) VALUES (365, 99, 2, 13.07);
INSERT INTO order_items (order_id, menu_item_id, quantity, unit_price) VALUES (365, 88, 1, 15.19);
INSERT INTO order_items (order_id, menu_item_id, quantity, unit_price) VALUES (366, 141, 2, 22.01);
INSERT INTO order_items (order_id, menu_item_id, quantity, unit_price) VALUES (366, 109, 2, 23.05);
INSERT INTO order_items (order_id, menu_item_id, quantity, unit_price) VALUES (366, 190, 2, 24.72);
INSERT INTO order_items (order_id, menu_item_id, quantity, unit_price) VALUES (367, 87, 3, 23.77);
INSERT INTO order_items (order_id, menu_item_id, quantity, unit_price) VALUES (367, 24, 3, 14.02);
INSERT INTO order_items (order_id, menu_item_id, quantity, unit_price) VALUES (367, 183, 3, 11.29);
INSERT INTO order_items (order_id, menu_item_id, quantity, unit_price) VALUES (368, 104, 2, 15.12);
INSERT INTO order_items (order_id, menu_item_id, quantity, unit_price) VALUES (368, 108, 1, 11.31);
INSERT INTO order_items (order_id, menu_item_id, quantity, unit_price) VALUES (368, 232, 2, 10.29);
INSERT INTO order_items (order_id, menu_item_id, quantity, unit_price) VALUES (369, 175, 3, 13.61);
INSERT INTO order_items (order_id, menu_item_id, quantity, unit_price) VALUES (369, 1, 3, 28.81);
INSERT INTO order_items (order_id, menu_item_id, quantity, unit_price) VALUES (370, 87, 3, 17.33);
INSERT INTO order_items (order_id, menu_item_id, quantity, unit_price) VALUES (371, 169, 3, 14.99);
INSERT INTO order_items (order_id, menu_item_id, quantity, unit_price) VALUES (371, 82, 2, 10.9);
INSERT INTO order_items (order_id, menu_item_id, quantity, unit_price) VALUES (371, 212, 2, 9.88);
INSERT INTO order_items (order_id, menu_item_id, quantity, unit_price) VALUES (371, 127, 1, 26.48);
INSERT INTO order_items (order_id, menu_item_id, quantity, unit_price) VALUES (371, 17, 2, 12.09);
INSERT INTO order_items (order_id, menu_item_id, quantity, unit_price) VALUES (372, 229, 2, 19.29);
INSERT INTO order_items (order_id, menu_item_id, quantity, unit_price) VALUES (372, 218, 1, 18.23);
INSERT INTO order_items (order_id, menu_item_id, quantity, unit_price) VALUES (372, 64, 1, 26.2);
INSERT INTO order_items (order_id, menu_item_id, quantity, unit_price) VALUES (373, 36, 3, 11.06);
INSERT INTO order_items (order_id, menu_item_id, quantity, unit_price) VALUES (373, 122, 3, 19.82);
INSERT INTO order_items (order_id, menu_item_id, quantity, unit_price) VALUES (373, 87, 2, 7.72);
INSERT INTO order_items (order_id, menu_item_id, quantity, unit_price) VALUES (373, 224, 1, 24.55);
INSERT INTO order_items (order_id, menu_item_id, quantity, unit_price) VALUES (374, 12, 2, 7.44);
INSERT INTO order_items (order_id, menu_item_id, quantity, unit_price) VALUES (374, 1, 3, 24.63);
INSERT INTO order_items (order_id, menu_item_id, quantity, unit_price) VALUES (374, 58, 3, 23.17);
INSERT INTO order_items (order_id, menu_item_id, quantity, unit_price) VALUES (375, 155, 1, 18.46);
INSERT INTO order_items (order_id, menu_item_id, quantity, unit_price) VALUES (375, 158, 3, 24.2);
INSERT INTO order_items (order_id, menu_item_id, quantity, unit_price) VALUES (375, 200, 2, 17.03);
INSERT INTO order_items (order_id, menu_item_id, quantity, unit_price) VALUES (375, 66, 3, 9.52);
INSERT INTO order_items (order_id, menu_item_id, quantity, unit_price) VALUES (375, 41, 1, 26.28);
INSERT INTO order_items (order_id, menu_item_id, quantity, unit_price) VALUES (376, 78, 2, 17.52);
INSERT INTO order_items (order_id, menu_item_id, quantity, unit_price) VALUES (376, 96, 1, 21.98);
INSERT INTO order_items (order_id, menu_item_id, quantity, unit_price) VALUES (377, 103, 2, 21.94);
INSERT INTO order_items (order_id, menu_item_id, quantity, unit_price) VALUES (377, 191, 1, 26.31);
INSERT INTO order_items (order_id, menu_item_id, quantity, unit_price) VALUES (377, 77, 3, 26.98);
INSERT INTO order_items (order_id, menu_item_id, quantity, unit_price) VALUES (377, 89, 1, 23.74);
INSERT INTO order_items (order_id, menu_item_id, quantity, unit_price) VALUES (378, 16, 3, 29.77);
INSERT INTO order_items (order_id, menu_item_id, quantity, unit_price) VALUES (378, 161, 3, 27.92);
INSERT INTO order_items (order_id, menu_item_id, quantity, unit_price) VALUES (379, 161, 1, 20.82);
INSERT INTO order_items (order_id, menu_item_id, quantity, unit_price) VALUES (379, 143, 2, 14.82);
INSERT INTO order_items (order_id, menu_item_id, quantity, unit_price) VALUES (380, 199, 1, 8.98);
INSERT INTO order_items (order_id, menu_item_id, quantity, unit_price) VALUES (380, 168, 1, 12.09);
INSERT INTO order_items (order_id, menu_item_id, quantity, unit_price) VALUES (380, 173, 1, 29.03);
INSERT INTO order_items (order_id, menu_item_id, quantity, unit_price) VALUES (380, 71, 3, 17.65);
INSERT INTO order_items (order_id, menu_item_id, quantity, unit_price) VALUES (380, 23, 1, 20.85);
INSERT INTO order_items (order_id, menu_item_id, quantity, unit_price) VALUES (381, 196, 1, 14.74);
INSERT INTO order_items (order_id, menu_item_id, quantity, unit_price) VALUES (382, 113, 1, 20.08);
INSERT INTO order_items (order_id, menu_item_id, quantity, unit_price) VALUES (382, 66, 3, 25.28);
INSERT INTO order_items (order_id, menu_item_id, quantity, unit_price) VALUES (383, 191, 1, 15.92);
INSERT INTO order_items (order_id, menu_item_id, quantity, unit_price) VALUES (383, 136, 2, 12.98);
INSERT INTO order_items (order_id, menu_item_id, quantity, unit_price) VALUES (384, 97, 1, 20.62);
INSERT INTO order_items (order_id, menu_item_id, quantity, unit_price) VALUES (384, 175, 3, 26.7);
INSERT INTO order_items (order_id, menu_item_id, quantity, unit_price) VALUES (384, 121, 1, 12.75);
INSERT INTO order_items (order_id, menu_item_id, quantity, unit_price) VALUES (384, 217, 2, 29.85);
INSERT INTO order_items (order_id, menu_item_id, quantity, unit_price) VALUES (385, 204, 2, 6.9);
INSERT INTO order_items (order_id, menu_item_id, quantity, unit_price) VALUES (385, 224, 1, 20.39);
INSERT INTO order_items (order_id, menu_item_id, quantity, unit_price) VALUES (385, 119, 1, 7.93);
INSERT INTO order_items (order_id, menu_item_id, quantity, unit_price) VALUES (385, 178, 2, 25.63);
INSERT INTO order_items (order_id, menu_item_id, quantity, unit_price) VALUES (385, 213, 1, 28.08);
INSERT INTO order_items (order_id, menu_item_id, quantity, unit_price) VALUES (386, 6, 3, 10.82);
INSERT INTO order_items (order_id, menu_item_id, quantity, unit_price) VALUES (387, 178, 3, 21.86);
INSERT INTO order_items (order_id, menu_item_id, quantity, unit_price) VALUES (387, 38, 2, 6.01);
INSERT INTO order_items (order_id, menu_item_id, quantity, unit_price) VALUES (387, 20, 3, 11.38);
INSERT INTO order_items (order_id, menu_item_id, quantity, unit_price) VALUES (388, 32, 3, 15.11);
INSERT INTO order_items (order_id, menu_item_id, quantity, unit_price) VALUES (388, 77, 2, 18.2);
INSERT INTO order_items (order_id, menu_item_id, quantity, unit_price) VALUES (388, 82, 1, 23.85);
INSERT INTO order_items (order_id, menu_item_id, quantity, unit_price) VALUES (388, 151, 2, 21.93);
INSERT INTO order_items (order_id, menu_item_id, quantity, unit_price) VALUES (389, 96, 2, 26.39);
INSERT INTO order_items (order_id, menu_item_id, quantity, unit_price) VALUES (389, 150, 3, 22.07);
INSERT INTO order_items (order_id, menu_item_id, quantity, unit_price) VALUES (390, 149, 3, 10.47);
INSERT INTO order_items (order_id, menu_item_id, quantity, unit_price) VALUES (390, 231, 3, 25.41);
INSERT INTO order_items (order_id, menu_item_id, quantity, unit_price) VALUES (391, 35, 2, 17.13);
INSERT INTO order_items (order_id, menu_item_id, quantity, unit_price) VALUES (391, 186, 1, 18.43);
INSERT INTO order_items (order_id, menu_item_id, quantity, unit_price) VALUES (391, 2, 3, 8.28);
INSERT INTO order_items (order_id, menu_item_id, quantity, unit_price) VALUES (391, 115, 2, 20.64);
INSERT INTO order_items (order_id, menu_item_id, quantity, unit_price) VALUES (391, 92, 1, 24.89);
INSERT INTO order_items (order_id, menu_item_id, quantity, unit_price) VALUES (392, 184, 3, 27.64);
INSERT INTO order_items (order_id, menu_item_id, quantity, unit_price) VALUES (392, 32, 2, 8.29);
INSERT INTO order_items (order_id, menu_item_id, quantity, unit_price) VALUES (392, 39, 1, 6.8);
INSERT INTO order_items (order_id, menu_item_id, quantity, unit_price) VALUES (393, 128, 2, 19.54);
INSERT INTO order_items (order_id, menu_item_id, quantity, unit_price) VALUES (394, 83, 1, 17.86);
INSERT INTO order_items (order_id, menu_item_id, quantity, unit_price) VALUES (394, 8, 2, 13.88);
INSERT INTO order_items (order_id, menu_item_id, quantity, unit_price) VALUES (394, 145, 1, 13.53);
INSERT INTO order_items (order_id, menu_item_id, quantity, unit_price) VALUES (395, 172, 1, 20.15);
INSERT INTO order_items (order_id, menu_item_id, quantity, unit_price) VALUES (396, 110, 2, 13.19);
INSERT INTO order_items (order_id, menu_item_id, quantity, unit_price) VALUES (396, 220, 1, 14.67);
INSERT INTO order_items (order_id, menu_item_id, quantity, unit_price) VALUES (396, 217, 1, 9.44);
INSERT INTO order_items (order_id, menu_item_id, quantity, unit_price) VALUES (396, 25, 2, 28.41);
INSERT INTO order_items (order_id, menu_item_id, quantity, unit_price) VALUES (396, 145, 3, 20.35);
INSERT INTO order_items (order_id, menu_item_id, quantity, unit_price) VALUES (397, 184, 2, 20.92);
INSERT INTO order_items (order_id, menu_item_id, quantity, unit_price) VALUES (397, 10, 2, 13.67);
INSERT INTO order_items (order_id, menu_item_id, quantity, unit_price) VALUES (397, 224, 3, 7.8);
INSERT INTO order_items (order_id, menu_item_id, quantity, unit_price) VALUES (397, 57, 2, 14.17);
INSERT INTO order_items (order_id, menu_item_id, quantity, unit_price) VALUES (397, 158, 1, 14.32);
INSERT INTO order_items (order_id, menu_item_id, quantity, unit_price) VALUES (398, 114, 3, 10.72);
INSERT INTO order_items (order_id, menu_item_id, quantity, unit_price) VALUES (399, 5, 1, 16.16);
INSERT INTO order_items (order_id, menu_item_id, quantity, unit_price) VALUES (399, 69, 2, 25.06);
INSERT INTO order_items (order_id, menu_item_id, quantity, unit_price) VALUES (399, 185, 3, 20.29);
INSERT INTO order_items (order_id, menu_item_id, quantity, unit_price) VALUES (399, 40, 2, 27.65);
INSERT INTO order_items (order_id, menu_item_id, quantity, unit_price) VALUES (399, 147, 3, 17.29);
INSERT INTO order_items (order_id, menu_item_id, quantity, unit_price) VALUES (400, 61, 3, 15.25);
INSERT INTO order_items (order_id, menu_item_id, quantity, unit_price) VALUES (400, 144, 3, 11.47);
INSERT INTO order_items (order_id, menu_item_id, quantity, unit_price) VALUES (400, 136, 3, 23.32);
INSERT INTO order_items (order_id, menu_item_id, quantity, unit_price) VALUES (401, 230, 1, 27.66);
INSERT INTO order_items (order_id, menu_item_id, quantity, unit_price) VALUES (401, 138, 1, 19.8);
INSERT INTO order_items (order_id, menu_item_id, quantity, unit_price) VALUES (402, 155, 3, 6.48);
INSERT INTO order_items (order_id, menu_item_id, quantity, unit_price) VALUES (402, 172, 3, 29.11);
INSERT INTO order_items (order_id, menu_item_id, quantity, unit_price) VALUES (402, 11, 2, 6.66);
INSERT INTO order_items (order_id, menu_item_id, quantity, unit_price) VALUES (403, 157, 2, 13.55);
INSERT INTO order_items (order_id, menu_item_id, quantity, unit_price) VALUES (403, 99, 2, 21.5);
INSERT INTO order_items (order_id, menu_item_id, quantity, unit_price) VALUES (404, 149, 1, 25.04);
INSERT INTO order_items (order_id, menu_item_id, quantity, unit_price) VALUES (405, 70, 2, 6.73);
INSERT INTO order_items (order_id, menu_item_id, quantity, unit_price) VALUES (405, 231, 1, 12.38);
INSERT INTO order_items (order_id, menu_item_id, quantity, unit_price) VALUES (405, 174, 1, 13.34);
INSERT INTO order_items (order_id, menu_item_id, quantity, unit_price) VALUES (405, 232, 1, 10.55);

-- ORDERS
INSERT INTO orders (location_id, customer_id, employee_id, table_id, order_time, total_amount, tax_amount, tip_amount, status) VALUES (19, 50, 10, 66, '2026-05-04T18:45:37'::timestamp, 111.73, 8.94, 21.95, 'cancelled') RETURNING id;
INSERT INTO orders (location_id, customer_id, employee_id, table_id, order_time, total_amount, tax_amount, tip_amount, status) VALUES (5, 28, 46, NULL, '2026-05-04T10:25:57'::timestamp, 88.96, 7.12, 8.79, 'open') RETURNING id;
INSERT INTO orders (location_id, customer_id, employee_id, table_id, order_time, total_amount, tax_amount, tip_amount, status) VALUES (19, 121, 22, 23, '2026-05-16T08:48:55'::timestamp, 139.32, 11.15, 19.06, 'cancelled') RETURNING id;
INSERT INTO orders (location_id, customer_id, employee_id, table_id, order_time, total_amount, tax_amount, tip_amount, status) VALUES (19, 45, 26, NULL, '2026-05-17T07:14:55'::timestamp, 21.53, 1.72, 4.24, 'cancelled') RETURNING id;
INSERT INTO orders (location_id, customer_id, employee_id, table_id, order_time, total_amount, tax_amount, tip_amount, status) VALUES (6, 76, 36, NULL, '2026-05-14T01:53:23'::timestamp, 97.77, 7.82, 10.4, 'open') RETURNING id;
INSERT INTO orders (location_id, customer_id, employee_id, table_id, order_time, total_amount, tax_amount, tip_amount, status) VALUES (4, 62, 37, NULL, '2026-05-07T05:57:52'::timestamp, 21.86, 1.75, 1.54, 'completed') RETURNING id;
INSERT INTO orders (location_id, customer_id, employee_id, table_id, order_time, total_amount, tax_amount, tip_amount, status) VALUES (9, 75, 42, NULL, '2026-05-09T10:22:04'::timestamp, 90.52, 7.24, 11.94, 'completed') RETURNING id;
INSERT INTO orders (location_id, customer_id, employee_id, table_id, order_time, total_amount, tax_amount, tip_amount, status) VALUES (13, 118, 18, 2, '2026-05-17T07:18:38'::timestamp, 42.92, 3.43, 4.72, 'open') RETURNING id;
INSERT INTO orders (location_id, customer_id, employee_id, table_id, order_time, total_amount, tax_amount, tip_amount, status) VALUES (17, 66, 37, 26, '2026-05-10T14:02:11'::timestamp, 67.76, 5.42, 11.87, 'open') RETURNING id;
INSERT INTO orders (location_id, customer_id, employee_id, table_id, order_time, total_amount, tax_amount, tip_amount, status) VALUES (14, 118, 51, 120, '2026-05-18T01:28:24'::timestamp, 31.4, 2.51, 0.68, 'completed') RETURNING id;
INSERT INTO orders (location_id, customer_id, employee_id, table_id, order_time, total_amount, tax_amount, tip_amount, status) VALUES (5, 107, 47, 86, '2026-05-02T09:38:33'::timestamp, 147.98, 11.84, 5.63, 'cancelled') RETURNING id;
INSERT INTO orders (location_id, customer_id, employee_id, table_id, order_time, total_amount, tax_amount, tip_amount, status) VALUES (19, 27, 4, 124, '2026-05-01T19:45:42'::timestamp, 98.02, 7.84, 12.24, 'cancelled') RETURNING id;
INSERT INTO orders (location_id, customer_id, employee_id, table_id, order_time, total_amount, tax_amount, tip_amount, status) VALUES (9, NULL, 49, 112, '2026-05-16T14:46:21'::timestamp, 88.26, 7.06, 14.89, 'cancelled') RETURNING id;
INSERT INTO orders (location_id, customer_id, employee_id, table_id, order_time, total_amount, tax_amount, tip_amount, status) VALUES (20, 137, 20, 87, '2026-05-08T07:00:15'::timestamp, 110.04, 8.8, 14.45, 'completed') RETURNING id;
INSERT INTO orders (location_id, customer_id, employee_id, table_id, order_time, total_amount, tax_amount, tip_amount, status) VALUES (12, 36, 22, 17, '2026-05-17T17:09:32'::timestamp, 76.23, 6.1, 14.19, 'cancelled') RETURNING id;
INSERT INTO orders (location_id, customer_id, employee_id, table_id, order_time, total_amount, tax_amount, tip_amount, status) VALUES (5, 41, 28, 122, '2026-05-04T00:56:24'::timestamp, 144.5, 11.56, 7.67, 'completed') RETURNING id;
INSERT INTO orders (location_id, customer_id, employee_id, table_id, order_time, total_amount, tax_amount, tip_amount, status) VALUES (18, NULL, 44, 125, '2026-05-10T06:37:22'::timestamp, 16.76, 1.34, 0.58, 'cancelled') RETURNING id;
INSERT INTO orders (location_id, customer_id, employee_id, table_id, order_time, total_amount, tax_amount, tip_amount, status) VALUES (10, 8, 36, 34, '2026-05-03T22:58:10'::timestamp, 73.02, 5.84, 9.19, 'completed') RETURNING id;
INSERT INTO orders (location_id, customer_id, employee_id, table_id, order_time, total_amount, tax_amount, tip_amount, status) VALUES (16, NULL, 36, NULL, '2026-05-18T00:38:24'::timestamp, 121.89, 9.75, 17.34, 'cancelled') RETURNING id;
INSERT INTO orders (location_id, customer_id, employee_id, table_id, order_time, total_amount, tax_amount, tip_amount, status) VALUES (13, 43, 24, NULL, '2026-05-12T16:44:44'::timestamp, 93.22, 7.46, 4.86, 'open') RETURNING id;
INSERT INTO orders (location_id, customer_id, employee_id, table_id, order_time, total_amount, tax_amount, tip_amount, status) VALUES (15, 8, 19, 137, '2026-05-10T18:57:09'::timestamp, 49.97, 4.0, 2.44, 'open') RETURNING id;
INSERT INTO orders (location_id, customer_id, employee_id, table_id, order_time, total_amount, tax_amount, tip_amount, status) VALUES (15, 79, 34, 1, '2026-05-08T15:47:39'::timestamp, 20.37, 1.63, 1.92, 'open') RETURNING id;
INSERT INTO orders (location_id, customer_id, employee_id, table_id, order_time, total_amount, tax_amount, tip_amount, status) VALUES (7, 93, 24, 116, '2026-05-01T14:37:54'::timestamp, 102.12, 8.17, 1.3, 'cancelled') RETURNING id;
INSERT INTO orders (location_id, customer_id, employee_id, table_id, order_time, total_amount, tax_amount, tip_amount, status) VALUES (17, 15, 50, NULL, '2026-05-16T00:25:12'::timestamp, 72.92, 5.83, 6.76, 'completed') RETURNING id;
INSERT INTO orders (location_id, customer_id, employee_id, table_id, order_time, total_amount, tax_amount, tip_amount, status) VALUES (9, NULL, 53, NULL, '2026-05-09T12:06:58'::timestamp, 22.93, 1.83, 0.13, 'cancelled') RETURNING id;
INSERT INTO orders (location_id, customer_id, employee_id, table_id, order_time, total_amount, tax_amount, tip_amount, status) VALUES (15, 76, 39, 53, '2026-05-18T00:18:20'::timestamp, 97.81, 7.82, 8.25, 'cancelled') RETURNING id;
INSERT INTO orders (location_id, customer_id, employee_id, table_id, order_time, total_amount, tax_amount, tip_amount, status) VALUES (15, NULL, 52, NULL, '2026-05-18T11:30:43'::timestamp, 62.19, 4.98, 6.04, 'cancelled') RETURNING id;
INSERT INTO orders (location_id, customer_id, employee_id, table_id, order_time, total_amount, tax_amount, tip_amount, status) VALUES (1, 106, 22, 109, '2026-05-14T01:21:42'::timestamp, 52.24, 4.18, 3.6, 'cancelled') RETURNING id;
INSERT INTO orders (location_id, customer_id, employee_id, table_id, order_time, total_amount, tax_amount, tip_amount, status) VALUES (8, 111, 12, NULL, '2026-05-10T22:12:39'::timestamp, 126.04, 10.08, 20.43, 'open') RETURNING id;
INSERT INTO orders (location_id, customer_id, employee_id, table_id, order_time, total_amount, tax_amount, tip_amount, status) VALUES (2, 53, 48, 9, '2026-05-12T04:31:58'::timestamp, 121.95, 9.76, 14.38, 'cancelled') RETURNING id;
INSERT INTO orders (location_id, customer_id, employee_id, table_id, order_time, total_amount, tax_amount, tip_amount, status) VALUES (13, 74, 18, NULL, '2026-05-18T02:42:47'::timestamp, 142.77, 11.42, 22.6, 'cancelled') RETURNING id;
INSERT INTO orders (location_id, customer_id, employee_id, table_id, order_time, total_amount, tax_amount, tip_amount, status) VALUES (18, 145, 32, 25, '2026-05-15T09:28:27'::timestamp, 74.68, 5.97, 2.59, 'cancelled') RETURNING id;
INSERT INTO orders (location_id, customer_id, employee_id, table_id, order_time, total_amount, tax_amount, tip_amount, status) VALUES (4, NULL, 38, NULL, '2026-05-02T19:35:14'::timestamp, 64.39, 5.15, 1.75, 'open') RETURNING id;
INSERT INTO orders (location_id, customer_id, employee_id, table_id, order_time, total_amount, tax_amount, tip_amount, status) VALUES (10, 85, 30, NULL, '2026-05-04T18:18:46'::timestamp, 16.46, 1.32, 1.15, 'cancelled') RETURNING id;
INSERT INTO orders (location_id, customer_id, employee_id, table_id, order_time, total_amount, tax_amount, tip_amount, status) VALUES (13, NULL, 8, NULL, '2026-05-02T10:14:02'::timestamp, 81.31, 6.5, 3.98, 'open') RETURNING id;
INSERT INTO orders (location_id, customer_id, employee_id, table_id, order_time, total_amount, tax_amount, tip_amount, status) VALUES (6, 129, 42, 142, '2026-05-11T05:06:36'::timestamp, 104.97, 8.4, 6.33, 'cancelled') RETURNING id;
INSERT INTO orders (location_id, customer_id, employee_id, table_id, order_time, total_amount, tax_amount, tip_amount, status) VALUES (14, 88, 7, 33, '2026-05-01T20:52:00'::timestamp, 57.6, 4.61, 4.59, 'open') RETURNING id;
INSERT INTO orders (location_id, customer_id, employee_id, table_id, order_time, total_amount, tax_amount, tip_amount, status) VALUES (3, 126, 39, NULL, '2026-05-14T19:09:12'::timestamp, 30.89, 2.47, 0.7, 'completed') RETURNING id;
INSERT INTO orders (location_id, customer_id, employee_id, table_id, order_time, total_amount, tax_amount, tip_amount, status) VALUES (13, NULL, 12, 154, '2026-05-03T17:11:07'::timestamp, 85.52, 6.84, 14.05, 'completed') RETURNING id;
INSERT INTO orders (location_id, customer_id, employee_id, table_id, order_time, total_amount, tax_amount, tip_amount, status) VALUES (19, NULL, 21, 85, '2026-05-15T04:43:59'::timestamp, 59.29, 4.74, 8.95, 'cancelled') RETURNING id;
INSERT INTO orders (location_id, customer_id, employee_id, table_id, order_time, total_amount, tax_amount, tip_amount, status) VALUES (20, 41, 14, 114, '2026-05-04T09:28:04'::timestamp, 70.25, 5.62, 11.47, 'cancelled') RETURNING id;
INSERT INTO orders (location_id, customer_id, employee_id, table_id, order_time, total_amount, tax_amount, tip_amount, status) VALUES (5, NULL, 21, NULL, '2026-05-02T05:48:09'::timestamp, 140.82, 11.27, 2.52, 'open') RETURNING id;
INSERT INTO orders (location_id, customer_id, employee_id, table_id, order_time, total_amount, tax_amount, tip_amount, status) VALUES (17, 106, 47, 58, '2026-05-07T12:31:05'::timestamp, 46.03, 3.68, 1.7, 'completed') RETURNING id;
INSERT INTO orders (location_id, customer_id, employee_id, table_id, order_time, total_amount, tax_amount, tip_amount, status) VALUES (19, 130, 39, 58, '2026-05-14T21:46:43'::timestamp, 120.1, 9.61, 6.22, 'completed') RETURNING id;
INSERT INTO orders (location_id, customer_id, employee_id, table_id, order_time, total_amount, tax_amount, tip_amount, status) VALUES (17, 33, 17, NULL, '2026-05-09T11:33:08'::timestamp, 57.66, 4.61, 1.21, 'open') RETURNING id;
INSERT INTO orders (location_id, customer_id, employee_id, table_id, order_time, total_amount, tax_amount, tip_amount, status) VALUES (2, 111, 51, 42, '2026-05-16T08:06:19'::timestamp, 30.83, 2.47, 4.94, 'cancelled') RETURNING id;
INSERT INTO orders (location_id, customer_id, employee_id, table_id, order_time, total_amount, tax_amount, tip_amount, status) VALUES (4, NULL, 34, 18, '2026-05-12T14:30:58'::timestamp, 122.54, 9.8, 15.64, 'open') RETURNING id;
INSERT INTO orders (location_id, customer_id, employee_id, table_id, order_time, total_amount, tax_amount, tip_amount, status) VALUES (14, 87, 6, 48, '2026-05-16T17:52:28'::timestamp, 19.13, 1.53, 3.55, 'open') RETURNING id;
INSERT INTO orders (location_id, customer_id, employee_id, table_id, order_time, total_amount, tax_amount, tip_amount, status) VALUES (15, 140, 18, 108, '2026-05-02T00:44:40'::timestamp, 38.67, 3.09, 1.5, 'completed') RETURNING id;
INSERT INTO orders (location_id, customer_id, employee_id, table_id, order_time, total_amount, tax_amount, tip_amount, status) VALUES (16, 10, 19, 25, '2026-05-10T07:07:47'::timestamp, 118.63, 9.49, 1.68, 'open') RETURNING id;

-- PAYMENTS
INSERT INTO payments (order_id, payment_time, amount, method, status) VALUES (356, '2026-05-12T08:14:58'::timestamp, 87.24, 'credit_card', 'paid');
INSERT INTO payments (order_id, payment_time, amount, method, status) VALUES (357, '2026-05-10T02:29:59'::timestamp, 27.58, 'cash', 'paid');
INSERT INTO payments (order_id, payment_time, amount, method, status) VALUES (358, '2026-05-15T01:32:10'::timestamp, 167.34, 'debit_card', 'paid');
INSERT INTO payments (order_id, payment_time, amount, method, status) VALUES (359, '2026-05-10T21:38:29'::timestamp, 47.24, 'cash', 'paid');
INSERT INTO payments (order_id, payment_time, amount, method, status) VALUES (360, '2026-05-05T15:08:43'::timestamp, 107.01, 'debit_card', 'pending');
INSERT INTO payments (order_id, payment_time, amount, method, status) VALUES (361, '2026-05-14T22:05:47'::timestamp, 104.35, 'cash', 'paid');
INSERT INTO payments (order_id, payment_time, amount, method, status) VALUES (362, '2026-05-16T08:20:41'::timestamp, 82.86, 'cash', 'paid');
INSERT INTO payments (order_id, payment_time, amount, method, status) VALUES (363, '2026-05-10T09:07:43'::timestamp, 52.33, 'credit_card', 'paid');
INSERT INTO payments (order_id, payment_time, amount, method, status) VALUES (364, '2026-05-04T22:26:01'::timestamp, 120.37, 'credit_card', 'paid');
INSERT INTO payments (order_id, payment_time, amount, method, status) VALUES (366, '2026-05-05T18:55:47'::timestamp, 177.34, 'debit_card', 'paid');
INSERT INTO payments (order_id, payment_time, amount, method, status) VALUES (367, '2026-05-15T02:41:04'::timestamp, 127.42, 'credit_card', 'paid');
INSERT INTO payments (order_id, payment_time, amount, method, status) VALUES (369, '2026-05-15T06:56:35'::timestamp, 64.52, 'cash', 'paid');
INSERT INTO payments (order_id, payment_time, amount, method, status) VALUES (370, '2026-05-06T22:13:14'::timestamp, 90.68, 'debit_card', 'paid');
INSERT INTO payments (order_id, payment_time, amount, method, status) VALUES (371, '2026-05-07T00:15:22'::timestamp, 40.24, 'digital_wallet', 'paid');
INSERT INTO payments (order_id, payment_time, amount, method, status) VALUES (372, '2026-05-11T06:44:30'::timestamp, 28.18, 'cash', 'pending');
INSERT INTO payments (order_id, payment_time, amount, method, status) VALUES (374, '2026-05-17T11:01:23'::timestamp, 29.0, 'digital_wallet', 'paid');
INSERT INTO payments (order_id, payment_time, amount, method, status) VALUES (377, '2026-05-08T20:58:20'::timestamp, 127.29, 'debit_card', 'paid');
INSERT INTO payments (order_id, payment_time, amount, method, status) VALUES (378, '2026-05-08T20:42:32'::timestamp, 176.8, 'credit_card', 'paid');
INSERT INTO payments (order_id, payment_time, amount, method, status) VALUES (379, '2026-05-02T03:07:01'::timestamp, 115.37, 'cash', 'paid');
INSERT INTO payments (order_id, payment_time, amount, method, status) VALUES (382, '2026-05-11T12:20:06'::timestamp, 167.54, 'debit_card', 'paid');
INSERT INTO payments (order_id, payment_time, amount, method, status) VALUES (384, '2026-05-12T14:52:33'::timestamp, 65.75, 'debit_card', 'paid');
INSERT INTO payments (order_id, payment_time, amount, method, status) VALUES (385, '2026-05-10T17:55:15'::timestamp, 145.05, 'cash', 'paid');
INSERT INTO payments (order_id, payment_time, amount, method, status) VALUES (386, '2026-05-18T03:56:07'::timestamp, 171.47, 'cash', 'paid');
INSERT INTO payments (order_id, payment_time, amount, method, status) VALUES (387, '2026-05-16T16:59:17'::timestamp, 94.17, 'debit_card', 'paid');
INSERT INTO payments (order_id, payment_time, amount, method, status) VALUES (389, '2026-05-04T01:18:34'::timestamp, 46.25, 'credit_card', 'paid');
INSERT INTO payments (order_id, payment_time, amount, method, status) VALUES (390, '2026-05-10T00:05:42'::timestamp, 189.18, 'credit_card', 'paid');
INSERT INTO payments (order_id, payment_time, amount, method, status) VALUES (391, '2026-05-02T03:53:34'::timestamp, 149.02, 'credit_card', 'paid');
INSERT INTO payments (order_id, payment_time, amount, method, status) VALUES (392, '2026-05-17T04:36:43'::timestamp, 158.3, 'debit_card', 'paid');
INSERT INTO payments (order_id, payment_time, amount, method, status) VALUES (394, '2026-05-08T17:23:40'::timestamp, 146.86, 'cash', 'paid');
INSERT INTO payments (order_id, payment_time, amount, method, status) VALUES (396, '2026-05-11T13:59:40'::timestamp, 192.85, 'digital_wallet', 'paid');
INSERT INTO payments (order_id, payment_time, amount, method, status) VALUES (397, '2026-05-10T06:20:24'::timestamp, 131.69, 'credit_card', 'paid');
INSERT INTO payments (order_id, payment_time, amount, method, status) VALUES (398, '2026-05-17T19:11:23'::timestamp, 105.83, 'debit_card', 'paid');
INSERT INTO payments (order_id, payment_time, amount, method, status) VALUES (399, '2026-05-11T02:16:28'::timestamp, 41.03, 'cash', 'paid');
INSERT INTO payments (order_id, payment_time, amount, method, status) VALUES (400, '2026-05-10T03:03:26'::timestamp, 58.75, 'cash', 'paid');
INSERT INTO payments (order_id, payment_time, amount, method, status) VALUES (401, '2026-05-03T17:12:54'::timestamp, 71.16, 'cash', 'paid');
INSERT INTO payments (order_id, payment_time, amount, method, status) VALUES (402, '2026-05-16T20:50:56'::timestamp, 102.3, 'cash', 'paid');
INSERT INTO payments (order_id, payment_time, amount, method, status) VALUES (403, '2026-05-08T03:57:28'::timestamp, 50.12, 'digital_wallet', 'paid');
INSERT INTO payments (order_id, payment_time, amount, method, status) VALUES (404, '2026-05-08T23:15:25'::timestamp, 36.53, 'debit_card', 'paid');
INSERT INTO payments (order_id, payment_time, amount, method, status) VALUES (405, '2026-05-06T09:31:29'::timestamp, 94.15, 'credit_card', 'paid');

-- RESERVATIONS
INSERT INTO reservations (table_id, customer_id, start_time, end_time, status) VALUES (57, 55, '2026-05-23T11:41:58'::timestamp, '2026-05-23T14:41:58'::timestamp, 'booked');
INSERT INTO reservations (table_id, customer_id, start_time, end_time, status) VALUES (145, 114, '2026-05-27T16:22:17'::timestamp, '2026-05-27T17:22:17'::timestamp, 'booked');
INSERT INTO reservations (table_id, customer_id, start_time, end_time, status) VALUES (71, 95, '2026-06-02T02:33:09'::timestamp, '2026-06-02T04:33:09'::timestamp, 'no_show');
INSERT INTO reservations (table_id, customer_id, start_time, end_time, status) VALUES (8, 75, '2026-05-21T17:57:15'::timestamp, '2026-05-21T18:57:15'::timestamp, 'checked_in');
INSERT INTO reservations (table_id, customer_id, start_time, end_time, status) VALUES (54, 5, '2026-05-30T21:28:34'::timestamp, '2026-05-30T22:28:34'::timestamp, 'cancelled');
INSERT INTO reservations (table_id, customer_id, start_time, end_time, status) VALUES (143, 89, '2026-06-06T02:08:08'::timestamp, '2026-06-06T05:08:08'::timestamp, 'booked');
INSERT INTO reservations (table_id, customer_id, start_time, end_time, status) VALUES (88, 135, '2026-05-27T17:24:16'::timestamp, '2026-05-27T18:24:16'::timestamp, 'no_show');
INSERT INTO reservations (table_id, customer_id, start_time, end_time, status) VALUES (76, 148, '2026-05-20T14:44:39'::timestamp, '2026-05-20T16:44:39'::timestamp, 'checked_in');
INSERT INTO reservations (table_id, customer_id, start_time, end_time, status) VALUES (139, 31, '2026-06-09T14:00:25'::timestamp, '2026-06-09T17:00:25'::timestamp, 'no_show');
INSERT INTO reservations (table_id, customer_id, start_time, end_time, status) VALUES (56, 39, '2026-05-27T07:22:33'::timestamp, '2026-05-27T10:22:33'::timestamp, 'cancelled');
INSERT INTO reservations (table_id, customer_id, start_time, end_time, status) VALUES (135, 78, '2026-05-22T15:17:58'::timestamp, '2026-05-22T16:17:58'::timestamp, 'booked');
INSERT INTO reservations (table_id, customer_id, start_time, end_time, status) VALUES (92, 26, '2026-06-08T09:58:42'::timestamp, '2026-06-08T10:58:42'::timestamp, 'checked_in');
INSERT INTO reservations (table_id, customer_id, start_time, end_time, status) VALUES (16, 114, '2026-06-11T17:26:03'::timestamp, '2026-06-11T18:26:03'::timestamp, 'checked_in');
INSERT INTO reservations (table_id, customer_id, start_time, end_time, status) VALUES (6, 64, '2026-05-28T21:51:39'::timestamp, '2026-05-28T22:51:39'::timestamp, 'cancelled');
INSERT INTO reservations (table_id, customer_id, start_time, end_time, status) VALUES (70, 72, '2026-05-18T16:57:32'::timestamp, '2026-05-18T17:57:32'::timestamp, 'checked_in');

-- SHIFTS
INSERT INTO shifts (employee_id, location_id, shift_start, shift_end) VALUES (4, 17, '2026-05-13T15:59:08'::timestamp, '2026-05-13T23:59:08'::timestamp);
INSERT INTO shifts (employee_id, location_id, shift_start, shift_end) VALUES (4, 11, '2026-05-12T08:48:48'::timestamp, '2026-05-12T16:48:48'::timestamp);
INSERT INTO shifts (employee_id, location_id, shift_start, shift_end) VALUES (4, 17, '2026-05-18T15:09:07'::timestamp, '2026-05-18T22:09:07'::timestamp);
INSERT INTO shifts (employee_id, location_id, shift_start, shift_end) VALUES (5, 7, '2026-05-11T11:39:44'::timestamp, '2026-05-11T16:39:44'::timestamp);
INSERT INTO shifts (employee_id, location_id, shift_start, shift_end) VALUES (5, 14, '2026-05-15T11:43:59'::timestamp, '2026-05-15T15:43:59'::timestamp);
INSERT INTO shifts (employee_id, location_id, shift_start, shift_end) VALUES (5, 2, '2026-05-11T15:16:07'::timestamp, '2026-05-11T20:16:07'::timestamp);
INSERT INTO shifts (employee_id, location_id, shift_start, shift_end) VALUES (5, 17, '2026-05-14T11:34:30'::timestamp, '2026-05-14T15:34:30'::timestamp);
INSERT INTO shifts (employee_id, location_id, shift_start, shift_end) VALUES (5, 17, '2026-05-14T11:07:23'::timestamp, '2026-05-14T17:07:23'::timestamp);
INSERT INTO shifts (employee_id, location_id, shift_start, shift_end) VALUES (6, 20, '2026-05-13T08:20:07'::timestamp, '2026-05-13T14:20:07'::timestamp);
INSERT INTO shifts (employee_id, location_id, shift_start, shift_end) VALUES (6, 4, '2026-05-15T08:13:30'::timestamp, '2026-05-15T13:13:30'::timestamp);
INSERT INTO shifts (employee_id, location_id, shift_start, shift_end) VALUES (6, 2, '2026-05-16T11:26:38'::timestamp, '2026-05-16T19:26:38'::timestamp);
INSERT INTO shifts (employee_id, location_id, shift_start, shift_end) VALUES (6, 14, '2026-05-11T11:10:39'::timestamp, '2026-05-11T18:10:39'::timestamp);
INSERT INTO shifts (employee_id, location_id, shift_start, shift_end) VALUES (6, 7, '2026-05-14T15:45:54'::timestamp, '2026-05-14T22:45:54'::timestamp);
INSERT INTO shifts (employee_id, location_id, shift_start, shift_end) VALUES (7, 8, '2026-05-16T08:19:43'::timestamp, '2026-05-16T12:19:43'::timestamp);
INSERT INTO shifts (employee_id, location_id, shift_start, shift_end) VALUES (7, 7, '2026-05-17T15:31:14'::timestamp, '2026-05-17T20:31:14'::timestamp);
INSERT INTO shifts (employee_id, location_id, shift_start, shift_end) VALUES (7, 11, '2026-05-15T15:07:09'::timestamp, '2026-05-15T19:07:09'::timestamp);
INSERT INTO shifts (employee_id, location_id, shift_start, shift_end) VALUES (7, 13, '2026-05-14T08:02:01'::timestamp, '2026-05-14T12:02:01'::timestamp);
INSERT INTO shifts (employee_id, location_id, shift_start, shift_end) VALUES (7, 13, '2026-05-12T08:33:39'::timestamp, '2026-05-12T14:33:39'::timestamp);
INSERT INTO shifts (employee_id, location_id, shift_start, shift_end) VALUES (8, 5, '2026-05-16T08:43:37'::timestamp, '2026-05-16T12:43:37'::timestamp);
INSERT INTO shifts (employee_id, location_id, shift_start, shift_end) VALUES (8, 9, '2026-05-17T11:29:57'::timestamp, '2026-05-17T19:29:57'::timestamp);
INSERT INTO shifts (employee_id, location_id, shift_start, shift_end) VALUES (8, 20, '2026-05-17T15:03:38'::timestamp, '2026-05-17T21:03:38'::timestamp);
INSERT INTO shifts (employee_id, location_id, shift_start, shift_end) VALUES (8, 6, '2026-05-18T08:43:26'::timestamp, '2026-05-18T12:43:26'::timestamp);
INSERT INTO shifts (employee_id, location_id, shift_start, shift_end) VALUES (8, 8, '2026-05-17T11:43:27'::timestamp, '2026-05-17T15:43:27'::timestamp);
INSERT INTO shifts (employee_id, location_id, shift_start, shift_end) VALUES (9, 20, '2026-05-16T15:51:32'::timestamp, '2026-05-16T21:51:32'::timestamp);
INSERT INTO shifts (employee_id, location_id, shift_start, shift_end) VALUES (9, 10, '2026-05-13T11:46:30'::timestamp, '2026-05-13T17:46:30'::timestamp);
INSERT INTO shifts (employee_id, location_id, shift_start, shift_end) VALUES (9, 16, '2026-05-12T08:12:15'::timestamp, '2026-05-12T13:12:15'::timestamp);
INSERT INTO shifts (employee_id, location_id, shift_start, shift_end) VALUES (9, 2, '2026-05-11T11:11:24'::timestamp, '2026-05-11T18:11:24'::timestamp);
INSERT INTO shifts (employee_id, location_id, shift_start, shift_end) VALUES (10, 2, '2026-05-12T15:15:24'::timestamp, '2026-05-12T22:15:24'::timestamp);
INSERT INTO shifts (employee_id, location_id, shift_start, shift_end) VALUES (10, 15, '2026-05-14T15:07:21'::timestamp, '2026-05-14T23:07:21'::timestamp);
INSERT INTO shifts (employee_id, location_id, shift_start, shift_end) VALUES (10, 12, '2026-05-13T15:19:23'::timestamp, '2026-05-13T19:19:23'::timestamp);
INSERT INTO shifts (employee_id, location_id, shift_start, shift_end) VALUES (10, 19, '2026-05-15T08:20:05'::timestamp, '2026-05-15T13:20:05'::timestamp);
INSERT INTO shifts (employee_id, location_id, shift_start, shift_end) VALUES (11, 12, '2026-05-12T11:11:20'::timestamp, '2026-05-12T18:11:20'::timestamp);
INSERT INTO shifts (employee_id, location_id, shift_start, shift_end) VALUES (11, 17, '2026-05-16T11:52:37'::timestamp, '2026-05-16T19:52:37'::timestamp);
INSERT INTO shifts (employee_id, location_id, shift_start, shift_end) VALUES (11, 10, '2026-05-14T11:01:53'::timestamp, '2026-05-14T19:01:53'::timestamp);
INSERT INTO shifts (employee_id, location_id, shift_start, shift_end) VALUES (12, 15, '2026-05-17T11:37:46'::timestamp, '2026-05-17T19:37:46'::timestamp);
INSERT INTO shifts (employee_id, location_id, shift_start, shift_end) VALUES (12, 7, '2026-05-13T08:13:19'::timestamp, '2026-05-13T16:13:19'::timestamp);
INSERT INTO shifts (employee_id, location_id, shift_start, shift_end) VALUES (12, 15, '2026-05-18T15:18:45'::timestamp, '2026-05-18T23:18:45'::timestamp);
INSERT INTO shifts (employee_id, location_id, shift_start, shift_end) VALUES (12, 1, '2026-05-11T11:55:19'::timestamp, '2026-05-11T17:55:19'::timestamp);
INSERT INTO shifts (employee_id, location_id, shift_start, shift_end) VALUES (13, 7, '2026-05-16T08:50:19'::timestamp, '2026-05-16T12:50:19'::timestamp);
INSERT INTO shifts (employee_id, location_id, shift_start, shift_end) VALUES (13, 5, '2026-05-14T11:02:54'::timestamp, '2026-05-14T17:02:54'::timestamp);
INSERT INTO shifts (employee_id, location_id, shift_start, shift_end) VALUES (13, 4, '2026-05-15T15:46:52'::timestamp, '2026-05-15T19:46:52'::timestamp);
INSERT INTO shifts (employee_id, location_id, shift_start, shift_end) VALUES (13, 2, '2026-05-13T11:25:54'::timestamp, '2026-05-13T19:25:54'::timestamp);
INSERT INTO shifts (employee_id, location_id, shift_start, shift_end) VALUES (13, 2, '2026-05-14T11:41:12'::timestamp, '2026-05-14T16:41:12'::timestamp);
INSERT INTO shifts (employee_id, location_id, shift_start, shift_end) VALUES (14, 13, '2026-05-17T11:20:17'::timestamp, '2026-05-17T15:20:17'::timestamp);
INSERT INTO shifts (employee_id, location_id, shift_start, shift_end) VALUES (14, 5, '2026-05-14T08:57:24'::timestamp, '2026-05-14T15:57:24'::timestamp);
INSERT INTO shifts (employee_id, location_id, shift_start, shift_end) VALUES (14, 15, '2026-05-16T08:48:45'::timestamp, '2026-05-16T14:48:45'::timestamp);
INSERT INTO shifts (employee_id, location_id, shift_start, shift_end) VALUES (14, 12, '2026-05-13T15:10:01'::timestamp, '2026-05-13T22:10:01'::timestamp);
INSERT INTO shifts (employee_id, location_id, shift_start, shift_end) VALUES (15, 13, '2026-05-11T08:50:52'::timestamp, '2026-05-11T16:50:52'::timestamp);
INSERT INTO shifts (employee_id, location_id, shift_start, shift_end) VALUES (15, 12, '2026-05-16T11:54:39'::timestamp, '2026-05-16T19:54:39'::timestamp);
INSERT INTO shifts (employee_id, location_id, shift_start, shift_end) VALUES (15, 16, '2026-05-14T15:13:11'::timestamp, '2026-05-14T19:13:11'::timestamp);
INSERT INTO shifts (employee_id, location_id, shift_start, shift_end) VALUES (15, 7, '2026-05-15T15:39:50'::timestamp, '2026-05-15T19:39:50'::timestamp);
INSERT INTO shifts (employee_id, location_id, shift_start, shift_end) VALUES (16, 5, '2026-05-14T15:37:09'::timestamp, '2026-05-14T23:37:09'::timestamp);
INSERT INTO shifts (employee_id, location_id, shift_start, shift_end) VALUES (16, 12, '2026-05-15T11:45:44'::timestamp, '2026-05-15T16:45:44'::timestamp);
INSERT INTO shifts (employee_id, location_id, shift_start, shift_end) VALUES (16, 18, '2026-05-13T08:00:55'::timestamp, '2026-05-13T16:00:55'::timestamp);
INSERT INTO shifts (employee_id, location_id, shift_start, shift_end) VALUES (16, 19, '2026-05-11T08:16:29'::timestamp, '2026-05-11T16:16:29'::timestamp);
INSERT INTO shifts (employee_id, location_id, shift_start, shift_end) VALUES (16, 12, '2026-05-17T11:29:20'::timestamp, '2026-05-17T17:29:20'::timestamp);
INSERT INTO shifts (employee_id, location_id, shift_start, shift_end) VALUES (17, 4, '2026-05-16T08:45:42'::timestamp, '2026-05-16T13:45:42'::timestamp);
INSERT INTO shifts (employee_id, location_id, shift_start, shift_end) VALUES (17, 16, '2026-05-16T11:04:38'::timestamp, '2026-05-16T15:04:38'::timestamp);
INSERT INTO shifts (employee_id, location_id, shift_start, shift_end) VALUES (17, 20, '2026-05-15T11:33:52'::timestamp, '2026-05-15T18:33:52'::timestamp);
INSERT INTO shifts (employee_id, location_id, shift_start, shift_end) VALUES (17, 10, '2026-05-18T08:09:44'::timestamp, '2026-05-18T14:09:44'::timestamp);
INSERT INTO shifts (employee_id, location_id, shift_start, shift_end) VALUES (18, 14, '2026-05-13T08:25:42'::timestamp, '2026-05-13T13:25:42'::timestamp);
INSERT INTO shifts (employee_id, location_id, shift_start, shift_end) VALUES (18, 20, '2026-05-14T11:32:20'::timestamp, '2026-05-14T16:32:20'::timestamp);
INSERT INTO shifts (employee_id, location_id, shift_start, shift_end) VALUES (18, 2, '2026-05-15T08:29:15'::timestamp, '2026-05-15T16:29:15'::timestamp);
INSERT INTO shifts (employee_id, location_id, shift_start, shift_end) VALUES (18, 9, '2026-05-18T11:20:53'::timestamp, '2026-05-18T15:20:53'::timestamp);
INSERT INTO shifts (employee_id, location_id, shift_start, shift_end) VALUES (19, 15, '2026-05-15T08:52:51'::timestamp, '2026-05-15T16:52:51'::timestamp);
INSERT INTO shifts (employee_id, location_id, shift_start, shift_end) VALUES (19, 20, '2026-05-12T08:24:07'::timestamp, '2026-05-12T15:24:07'::timestamp);
INSERT INTO shifts (employee_id, location_id, shift_start, shift_end) VALUES (19, 2, '2026-05-16T08:32:57'::timestamp, '2026-05-16T14:32:57'::timestamp);
INSERT INTO shifts (employee_id, location_id, shift_start, shift_end) VALUES (20, 10, '2026-05-15T11:44:01'::timestamp, '2026-05-15T17:44:01'::timestamp);
INSERT INTO shifts (employee_id, location_id, shift_start, shift_end) VALUES (20, 20, '2026-05-13T15:46:28'::timestamp, '2026-05-13T19:46:28'::timestamp);
INSERT INTO shifts (employee_id, location_id, shift_start, shift_end) VALUES (20, 19, '2026-05-16T15:20:44'::timestamp, '2026-05-16T19:20:44'::timestamp);
INSERT INTO shifts (employee_id, location_id, shift_start, shift_end) VALUES (20, 3, '2026-05-17T08:34:16'::timestamp, '2026-05-17T13:34:16'::timestamp);
INSERT INTO shifts (employee_id, location_id, shift_start, shift_end) VALUES (20, 16, '2026-05-14T11:25:24'::timestamp, '2026-05-14T18:25:24'::timestamp);
INSERT INTO shifts (employee_id, location_id, shift_start, shift_end) VALUES (21, 17, '2026-05-12T15:19:05'::timestamp, '2026-05-12T21:19:05'::timestamp);
INSERT INTO shifts (employee_id, location_id, shift_start, shift_end) VALUES (21, 6, '2026-05-18T11:29:40'::timestamp, '2026-05-18T15:29:40'::timestamp);
INSERT INTO shifts (employee_id, location_id, shift_start, shift_end) VALUES (21, 6, '2026-05-12T15:15:57'::timestamp, '2026-05-12T21:15:57'::timestamp);
INSERT INTO shifts (employee_id, location_id, shift_start, shift_end) VALUES (21, 11, '2026-05-17T08:53:25'::timestamp, '2026-05-17T12:53:25'::timestamp);
INSERT INTO shifts (employee_id, location_id, shift_start, shift_end) VALUES (21, 9, '2026-05-14T11:29:42'::timestamp, '2026-05-14T17:29:42'::timestamp);
INSERT INTO shifts (employee_id, location_id, shift_start, shift_end) VALUES (22, 10, '2026-05-17T15:25:36'::timestamp, '2026-05-17T23:25:36'::timestamp);
INSERT INTO shifts (employee_id, location_id, shift_start, shift_end) VALUES (22, 8, '2026-05-15T08:11:10'::timestamp, '2026-05-15T13:11:10'::timestamp);
INSERT INTO shifts (employee_id, location_id, shift_start, shift_end) VALUES (22, 6, '2026-05-16T15:27:05'::timestamp, '2026-05-16T19:27:05'::timestamp);
INSERT INTO shifts (employee_id, location_id, shift_start, shift_end) VALUES (22, 5, '2026-05-17T08:31:42'::timestamp, '2026-05-17T16:31:42'::timestamp);
INSERT INTO shifts (employee_id, location_id, shift_start, shift_end) VALUES (22, 9, '2026-05-13T15:52:12'::timestamp, '2026-05-13T19:52:12'::timestamp);
INSERT INTO shifts (employee_id, location_id, shift_start, shift_end) VALUES (23, 5, '2026-05-13T08:47:59'::timestamp, '2026-05-13T14:47:59'::timestamp);
INSERT INTO shifts (employee_id, location_id, shift_start, shift_end) VALUES (23, 18, '2026-05-13T11:07:00'::timestamp, '2026-05-13T16:07:00'::timestamp);
INSERT INTO shifts (employee_id, location_id, shift_start, shift_end) VALUES (23, 12, '2026-05-13T15:43:38'::timestamp, '2026-05-13T21:43:38'::timestamp);
INSERT INTO shifts (employee_id, location_id, shift_start, shift_end) VALUES (23, 20, '2026-05-17T11:37:33'::timestamp, '2026-05-17T17:37:33'::timestamp);
INSERT INTO shifts (employee_id, location_id, shift_start, shift_end) VALUES (23, 3, '2026-05-15T11:08:46'::timestamp, '2026-05-15T16:08:46'::timestamp);
INSERT INTO shifts (employee_id, location_id, shift_start, shift_end) VALUES (24, 4, '2026-05-18T08:44:26'::timestamp, '2026-05-18T13:44:26'::timestamp);
INSERT INTO shifts (employee_id, location_id, shift_start, shift_end) VALUES (24, 3, '2026-05-14T15:38:10'::timestamp, '2026-05-14T21:38:10'::timestamp);
INSERT INTO shifts (employee_id, location_id, shift_start, shift_end) VALUES (24, 7, '2026-05-14T15:08:58'::timestamp, '2026-05-14T19:08:58'::timestamp);
INSERT INTO shifts (employee_id, location_id, shift_start, shift_end) VALUES (25, 19, '2026-05-12T08:02:40'::timestamp, '2026-05-12T16:02:40'::timestamp);
INSERT INTO shifts (employee_id, location_id, shift_start, shift_end) VALUES (25, 18, '2026-05-12T08:52:08'::timestamp, '2026-05-12T12:52:08'::timestamp);
INSERT INTO shifts (employee_id, location_id, shift_start, shift_end) VALUES (25, 19, '2026-05-14T15:10:00'::timestamp, '2026-05-14T19:10:00'::timestamp);
INSERT INTO shifts (employee_id, location_id, shift_start, shift_end) VALUES (25, 20, '2026-05-14T15:29:27'::timestamp, '2026-05-14T23:29:27'::timestamp);
INSERT INTO shifts (employee_id, location_id, shift_start, shift_end) VALUES (26, 2, '2026-05-15T08:34:07'::timestamp, '2026-05-15T16:34:07'::timestamp);
INSERT INTO shifts (employee_id, location_id, shift_start, shift_end) VALUES (26, 1, '2026-05-18T08:42:06'::timestamp, '2026-05-18T12:42:06'::timestamp);
INSERT INTO shifts (employee_id, location_id, shift_start, shift_end) VALUES (26, 15, '2026-05-14T08:51:44'::timestamp, '2026-05-14T13:51:44'::timestamp);
INSERT INTO shifts (employee_id, location_id, shift_start, shift_end) VALUES (26, 10, '2026-05-11T11:04:40'::timestamp, '2026-05-11T15:04:40'::timestamp);
INSERT INTO shifts (employee_id, location_id, shift_start, shift_end) VALUES (27, 4, '2026-05-13T08:01:32'::timestamp, '2026-05-13T13:01:32'::timestamp);
INSERT INTO shifts (employee_id, location_id, shift_start, shift_end) VALUES (27, 15, '2026-05-12T15:55:12'::timestamp, '2026-05-12T22:55:12'::timestamp);
INSERT INTO shifts (employee_id, location_id, shift_start, shift_end) VALUES (27, 4, '2026-05-15T15:25:56'::timestamp, '2026-05-15T22:25:56'::timestamp);
INSERT INTO shifts (employee_id, location_id, shift_start, shift_end) VALUES (27, 17, '2026-05-15T11:05:31'::timestamp, '2026-05-15T15:05:31'::timestamp);
INSERT INTO shifts (employee_id, location_id, shift_start, shift_end) VALUES (27, 19, '2026-05-12T15:53:31'::timestamp, '2026-05-12T21:53:31'::timestamp);
INSERT INTO shifts (employee_id, location_id, shift_start, shift_end) VALUES (28, 9, '2026-05-12T08:04:44'::timestamp, '2026-05-12T16:04:44'::timestamp);
INSERT INTO shifts (employee_id, location_id, shift_start, shift_end) VALUES (28, 18, '2026-05-17T08:47:20'::timestamp, '2026-05-17T12:47:20'::timestamp);
INSERT INTO shifts (employee_id, location_id, shift_start, shift_end) VALUES (28, 6, '2026-05-14T11:13:50'::timestamp, '2026-05-14T16:13:50'::timestamp);
INSERT INTO shifts (employee_id, location_id, shift_start, shift_end) VALUES (28, 2, '2026-05-11T08:23:33'::timestamp, '2026-05-11T13:23:33'::timestamp);
INSERT INTO shifts (employee_id, location_id, shift_start, shift_end) VALUES (28, 16, '2026-05-14T15:26:22'::timestamp, '2026-05-14T19:26:22'::timestamp);
INSERT INTO shifts (employee_id, location_id, shift_start, shift_end) VALUES (29, 13, '2026-05-14T15:06:49'::timestamp, '2026-05-14T20:06:49'::timestamp);
INSERT INTO shifts (employee_id, location_id, shift_start, shift_end) VALUES (29, 16, '2026-05-13T11:54:00'::timestamp, '2026-05-13T18:54:00'::timestamp);
INSERT INTO shifts (employee_id, location_id, shift_start, shift_end) VALUES (29, 20, '2026-05-14T08:40:12'::timestamp, '2026-05-14T12:40:12'::timestamp);
INSERT INTO shifts (employee_id, location_id, shift_start, shift_end) VALUES (29, 20, '2026-05-12T08:51:24'::timestamp, '2026-05-12T15:51:24'::timestamp);
INSERT INTO shifts (employee_id, location_id, shift_start, shift_end) VALUES (29, 14, '2026-05-18T15:29:03'::timestamp, '2026-05-18T19:29:03'::timestamp);
INSERT INTO shifts (employee_id, location_id, shift_start, shift_end) VALUES (30, 10, '2026-05-16T15:05:36'::timestamp, '2026-05-16T20:05:36'::timestamp);
INSERT INTO shifts (employee_id, location_id, shift_start, shift_end) VALUES (30, 7, '2026-05-14T15:57:02'::timestamp, '2026-05-14T20:57:02'::timestamp);
INSERT INTO shifts (employee_id, location_id, shift_start, shift_end) VALUES (30, 13, '2026-05-12T11:54:05'::timestamp, '2026-05-12T18:54:05'::timestamp);
INSERT INTO shifts (employee_id, location_id, shift_start, shift_end) VALUES (30, 20, '2026-05-16T11:33:42'::timestamp, '2026-05-16T15:33:42'::timestamp);
INSERT INTO shifts (employee_id, location_id, shift_start, shift_end) VALUES (30, 11, '2026-05-16T11:01:36'::timestamp, '2026-05-16T17:01:36'::timestamp);
INSERT INTO shifts (employee_id, location_id, shift_start, shift_end) VALUES (31, 20, '2026-05-17T15:44:41'::timestamp, '2026-05-17T22:44:41'::timestamp);
INSERT INTO shifts (employee_id, location_id, shift_start, shift_end) VALUES (31, 14, '2026-05-12T15:28:35'::timestamp, '2026-05-12T21:28:35'::timestamp);
INSERT INTO shifts (employee_id, location_id, shift_start, shift_end) VALUES (31, 16, '2026-05-12T15:50:53'::timestamp, '2026-05-12T19:50:53'::timestamp);
INSERT INTO shifts (employee_id, location_id, shift_start, shift_end) VALUES (32, 5, '2026-05-11T11:13:00'::timestamp, '2026-05-11T18:13:00'::timestamp);
INSERT INTO shifts (employee_id, location_id, shift_start, shift_end) VALUES (32, 12, '2026-05-17T15:13:53'::timestamp, '2026-05-17T20:13:53'::timestamp);
INSERT INTO shifts (employee_id, location_id, shift_start, shift_end) VALUES (32, 14, '2026-05-17T15:29:06'::timestamp, '2026-05-17T20:29:06'::timestamp);
INSERT INTO shifts (employee_id, location_id, shift_start, shift_end) VALUES (32, 8, '2026-05-14T15:39:53'::timestamp, '2026-05-14T21:39:53'::timestamp);
INSERT INTO shifts (employee_id, location_id, shift_start, shift_end) VALUES (32, 7, '2026-05-12T08:59:52'::timestamp, '2026-05-12T14:59:52'::timestamp);
INSERT INTO shifts (employee_id, location_id, shift_start, shift_end) VALUES (33, 14, '2026-05-15T11:25:50'::timestamp, '2026-05-15T19:25:50'::timestamp);
INSERT INTO shifts (employee_id, location_id, shift_start, shift_end) VALUES (33, 7, '2026-05-17T08:48:24'::timestamp, '2026-05-17T13:48:24'::timestamp);
INSERT INTO shifts (employee_id, location_id, shift_start, shift_end) VALUES (33, 17, '2026-05-16T11:59:37'::timestamp, '2026-05-16T18:59:37'::timestamp);
INSERT INTO shifts (employee_id, location_id, shift_start, shift_end) VALUES (33, 3, '2026-05-14T15:48:33'::timestamp, '2026-05-14T22:48:33'::timestamp);
INSERT INTO shifts (employee_id, location_id, shift_start, shift_end) VALUES (33, 6, '2026-05-17T11:19:46'::timestamp, '2026-05-17T17:19:46'::timestamp);
INSERT INTO shifts (employee_id, location_id, shift_start, shift_end) VALUES (34, 10, '2026-05-11T08:44:34'::timestamp, '2026-05-11T12:44:34'::timestamp);
INSERT INTO shifts (employee_id, location_id, shift_start, shift_end) VALUES (34, 7, '2026-05-14T08:12:29'::timestamp, '2026-05-14T12:12:29'::timestamp);
INSERT INTO shifts (employee_id, location_id, shift_start, shift_end) VALUES (34, 17, '2026-05-17T08:02:56'::timestamp, '2026-05-17T14:02:56'::timestamp);
INSERT INTO shifts (employee_id, location_id, shift_start, shift_end) VALUES (34, 10, '2026-05-16T11:01:15'::timestamp, '2026-05-16T19:01:15'::timestamp);
INSERT INTO shifts (employee_id, location_id, shift_start, shift_end) VALUES (34, 18, '2026-05-12T11:50:00'::timestamp, '2026-05-12T16:50:00'::timestamp);
INSERT INTO shifts (employee_id, location_id, shift_start, shift_end) VALUES (35, 20, '2026-05-12T11:48:49'::timestamp, '2026-05-12T19:48:49'::timestamp);
INSERT INTO shifts (employee_id, location_id, shift_start, shift_end) VALUES (35, 13, '2026-05-13T11:53:26'::timestamp, '2026-05-13T15:53:26'::timestamp);
INSERT INTO shifts (employee_id, location_id, shift_start, shift_end) VALUES (35, 8, '2026-05-17T11:49:56'::timestamp, '2026-05-17T16:49:56'::timestamp);
INSERT INTO shifts (employee_id, location_id, shift_start, shift_end) VALUES (36, 12, '2026-05-12T08:15:28'::timestamp, '2026-05-12T15:15:28'::timestamp);
INSERT INTO shifts (employee_id, location_id, shift_start, shift_end) VALUES (36, 19, '2026-05-18T08:27:50'::timestamp, '2026-05-18T14:27:50'::timestamp);
INSERT INTO shifts (employee_id, location_id, shift_start, shift_end) VALUES (36, 10, '2026-05-16T15:19:15'::timestamp, '2026-05-16T20:19:15'::timestamp);
INSERT INTO shifts (employee_id, location_id, shift_start, shift_end) VALUES (37, 11, '2026-05-15T08:43:37'::timestamp, '2026-05-15T12:43:37'::timestamp);
INSERT INTO shifts (employee_id, location_id, shift_start, shift_end) VALUES (37, 8, '2026-05-12T15:35:01'::timestamp, '2026-05-12T22:35:01'::timestamp);
INSERT INTO shifts (employee_id, location_id, shift_start, shift_end) VALUES (37, 17, '2026-05-15T08:07:19'::timestamp, '2026-05-15T14:07:19'::timestamp);
INSERT INTO shifts (employee_id, location_id, shift_start, shift_end) VALUES (38, 11, '2026-05-18T11:12:22'::timestamp, '2026-05-18T16:12:22'::timestamp);
INSERT INTO shifts (employee_id, location_id, shift_start, shift_end) VALUES (38, 17, '2026-05-13T11:55:30'::timestamp, '2026-05-13T16:55:30'::timestamp);
INSERT INTO shifts (employee_id, location_id, shift_start, shift_end) VALUES (38, 15, '2026-05-12T15:32:43'::timestamp, '2026-05-12T23:32:43'::timestamp);
INSERT INTO shifts (employee_id, location_id, shift_start, shift_end) VALUES (38, 7, '2026-05-18T15:02:01'::timestamp, '2026-05-18T21:02:01'::timestamp);
INSERT INTO shifts (employee_id, location_id, shift_start, shift_end) VALUES (39, 20, '2026-05-14T15:34:06'::timestamp, '2026-05-14T19:34:06'::timestamp);
INSERT INTO shifts (employee_id, location_id, shift_start, shift_end) VALUES (39, 12, '2026-05-14T11:31:42'::timestamp, '2026-05-14T18:31:42'::timestamp);
INSERT INTO shifts (employee_id, location_id, shift_start, shift_end) VALUES (39, 13, '2026-05-16T15:13:08'::timestamp, '2026-05-16T19:13:08'::timestamp);
INSERT INTO shifts (employee_id, location_id, shift_start, shift_end) VALUES (39, 15, '2026-05-13T11:17:24'::timestamp, '2026-05-13T15:17:24'::timestamp);
INSERT INTO shifts (employee_id, location_id, shift_start, shift_end) VALUES (39, 6, '2026-05-12T08:39:36'::timestamp, '2026-05-12T12:39:36'::timestamp);
INSERT INTO shifts (employee_id, location_id, shift_start, shift_end) VALUES (40, 14, '2026-05-18T11:48:19'::timestamp, '2026-05-18T16:48:19'::timestamp);
INSERT INTO shifts (employee_id, location_id, shift_start, shift_end) VALUES (40, 4, '2026-05-15T11:31:20'::timestamp, '2026-05-15T18:31:20'::timestamp);
INSERT INTO shifts (employee_id, location_id, shift_start, shift_end) VALUES (40, 5, '2026-05-18T11:10:31'::timestamp, '2026-05-18T18:10:31'::timestamp);
INSERT INTO shifts (employee_id, location_id, shift_start, shift_end) VALUES (40, 19, '2026-05-15T11:54:44'::timestamp, '2026-05-15T17:54:44'::timestamp);
INSERT INTO shifts (employee_id, location_id, shift_start, shift_end) VALUES (40, 16, '2026-05-14T11:11:38'::timestamp, '2026-05-14T19:11:38'::timestamp);
INSERT INTO shifts (employee_id, location_id, shift_start, shift_end) VALUES (41, 9, '2026-05-16T15:44:43'::timestamp, '2026-05-16T19:44:43'::timestamp);
INSERT INTO shifts (employee_id, location_id, shift_start, shift_end) VALUES (41, 15, '2026-05-11T08:01:49'::timestamp, '2026-05-11T16:01:49'::timestamp);
INSERT INTO shifts (employee_id, location_id, shift_start, shift_end) VALUES (41, 1, '2026-05-14T15:36:41'::timestamp, '2026-05-14T22:36:41'::timestamp);
INSERT INTO shifts (employee_id, location_id, shift_start, shift_end) VALUES (42, 12, '2026-05-15T15:56:14'::timestamp, '2026-05-15T21:56:14'::timestamp);
INSERT INTO shifts (employee_id, location_id, shift_start, shift_end) VALUES (42, 9, '2026-05-12T08:08:27'::timestamp, '2026-05-12T12:08:27'::timestamp);
INSERT INTO shifts (employee_id, location_id, shift_start, shift_end) VALUES (42, 17, '2026-05-12T11:26:31'::timestamp, '2026-05-12T19:26:31'::timestamp);
INSERT INTO shifts (employee_id, location_id, shift_start, shift_end) VALUES (43, 12, '2026-05-13T15:41:57'::timestamp, '2026-05-13T21:41:57'::timestamp);
INSERT INTO shifts (employee_id, location_id, shift_start, shift_end) VALUES (43, 17, '2026-05-14T08:11:20'::timestamp, '2026-05-14T12:11:20'::timestamp);
INSERT INTO shifts (employee_id, location_id, shift_start, shift_end) VALUES (43, 16, '2026-05-15T11:57:52'::timestamp, '2026-05-15T19:57:52'::timestamp);
INSERT INTO shifts (employee_id, location_id, shift_start, shift_end) VALUES (43, 18, '2026-05-13T08:32:49'::timestamp, '2026-05-13T15:32:49'::timestamp);
INSERT INTO shifts (employee_id, location_id, shift_start, shift_end) VALUES (44, 14, '2026-05-17T08:57:01'::timestamp, '2026-05-17T16:57:01'::timestamp);
INSERT INTO shifts (employee_id, location_id, shift_start, shift_end) VALUES (44, 20, '2026-05-13T08:15:12'::timestamp, '2026-05-13T14:15:12'::timestamp);
INSERT INTO shifts (employee_id, location_id, shift_start, shift_end) VALUES (44, 19, '2026-05-13T08:20:16'::timestamp, '2026-05-13T15:20:16'::timestamp);
INSERT INTO shifts (employee_id, location_id, shift_start, shift_end) VALUES (45, 8, '2026-05-12T08:12:42'::timestamp, '2026-05-12T13:12:42'::timestamp);
INSERT INTO shifts (employee_id, location_id, shift_start, shift_end) VALUES (45, 9, '2026-05-18T11:33:04'::timestamp, '2026-05-18T19:33:04'::timestamp);
INSERT INTO shifts (employee_id, location_id, shift_start, shift_end) VALUES (45, 9, '2026-05-13T15:04:50'::timestamp, '2026-05-13T23:04:50'::timestamp);
INSERT INTO shifts (employee_id, location_id, shift_start, shift_end) VALUES (46, 9, '2026-05-12T15:17:56'::timestamp, '2026-05-12T19:17:56'::timestamp);
INSERT INTO shifts (employee_id, location_id, shift_start, shift_end) VALUES (46, 6, '2026-05-17T08:14:35'::timestamp, '2026-05-17T15:14:35'::timestamp);
INSERT INTO shifts (employee_id, location_id, shift_start, shift_end) VALUES (46, 14, '2026-05-16T11:14:50'::timestamp, '2026-05-16T17:14:50'::timestamp);
INSERT INTO shifts (employee_id, location_id, shift_start, shift_end) VALUES (46, 12, '2026-05-16T11:20:06'::timestamp, '2026-05-16T19:20:06'::timestamp);
INSERT INTO shifts (employee_id, location_id, shift_start, shift_end) VALUES (47, 1, '2026-05-12T11:46:55'::timestamp, '2026-05-12T18:46:55'::timestamp);
INSERT INTO shifts (employee_id, location_id, shift_start, shift_end) VALUES (47, 7, '2026-05-11T15:25:26'::timestamp, '2026-05-11T20:25:26'::timestamp);
INSERT INTO shifts (employee_id, location_id, shift_start, shift_end) VALUES (47, 11, '2026-05-16T15:03:32'::timestamp, '2026-05-16T22:03:32'::timestamp);
INSERT INTO shifts (employee_id, location_id, shift_start, shift_end) VALUES (48, 3, '2026-05-11T11:28:46'::timestamp, '2026-05-11T19:28:46'::timestamp);
INSERT INTO shifts (employee_id, location_id, shift_start, shift_end) VALUES (48, 7, '2026-05-13T15:06:59'::timestamp, '2026-05-13T20:06:59'::timestamp);
INSERT INTO shifts (employee_id, location_id, shift_start, shift_end) VALUES (48, 1, '2026-05-16T15:44:30'::timestamp, '2026-05-16T20:44:30'::timestamp);
INSERT INTO shifts (employee_id, location_id, shift_start, shift_end) VALUES (48, 10, '2026-05-11T15:40:02'::timestamp, '2026-05-11T21:40:02'::timestamp);
INSERT INTO shifts (employee_id, location_id, shift_start, shift_end) VALUES (48, 8, '2026-05-13T11:56:35'::timestamp, '2026-05-13T16:56:35'::timestamp);
INSERT INTO shifts (employee_id, location_id, shift_start, shift_end) VALUES (49, 7, '2026-05-18T11:39:43'::timestamp, '2026-05-18T18:39:43'::timestamp);
INSERT INTO shifts (employee_id, location_id, shift_start, shift_end) VALUES (49, 18, '2026-05-14T11:16:25'::timestamp, '2026-05-14T15:16:25'::timestamp);
INSERT INTO shifts (employee_id, location_id, shift_start, shift_end) VALUES (49, 16, '2026-05-12T08:15:07'::timestamp, '2026-05-12T13:15:07'::timestamp);
INSERT INTO shifts (employee_id, location_id, shift_start, shift_end) VALUES (49, 20, '2026-05-17T08:10:24'::timestamp, '2026-05-17T14:10:24'::timestamp);
INSERT INTO shifts (employee_id, location_id, shift_start, shift_end) VALUES (49, 17, '2026-05-14T15:44:30'::timestamp, '2026-05-14T21:44:30'::timestamp);
INSERT INTO shifts (employee_id, location_id, shift_start, shift_end) VALUES (50, 4, '2026-05-16T11:14:07'::timestamp, '2026-05-16T19:14:07'::timestamp);
INSERT INTO shifts (employee_id, location_id, shift_start, shift_end) VALUES (50, 4, '2026-05-12T08:50:09'::timestamp, '2026-05-12T14:50:09'::timestamp);
INSERT INTO shifts (employee_id, location_id, shift_start, shift_end) VALUES (50, 9, '2026-05-17T11:30:38'::timestamp, '2026-05-17T16:30:38'::timestamp);
INSERT INTO shifts (employee_id, location_id, shift_start, shift_end) VALUES (51, 20, '2026-05-17T08:59:19'::timestamp, '2026-05-17T15:59:19'::timestamp);
INSERT INTO shifts (employee_id, location_id, shift_start, shift_end) VALUES (51, 3, '2026-05-11T15:11:26'::timestamp, '2026-05-11T22:11:26'::timestamp);
INSERT INTO shifts (employee_id, location_id, shift_start, shift_end) VALUES (51, 4, '2026-05-16T15:47:18'::timestamp, '2026-05-16T22:47:18'::timestamp);
INSERT INTO shifts (employee_id, location_id, shift_start, shift_end) VALUES (51, 11, '2026-05-14T15:29:01'::timestamp, '2026-05-14T23:29:01'::timestamp);
INSERT INTO shifts (employee_id, location_id, shift_start, shift_end) VALUES (51, 18, '2026-05-16T08:43:36'::timestamp, '2026-05-16T15:43:36'::timestamp);
INSERT INTO shifts (employee_id, location_id, shift_start, shift_end) VALUES (52, 14, '2026-05-14T11:47:31'::timestamp, '2026-05-14T15:47:31'::timestamp);
INSERT INTO shifts (employee_id, location_id, shift_start, shift_end) VALUES (52, 6, '2026-05-12T08:33:24'::timestamp, '2026-05-12T15:33:24'::timestamp);
INSERT INTO shifts (employee_id, location_id, shift_start, shift_end) VALUES (52, 20, '2026-05-15T15:18:16'::timestamp, '2026-05-15T19:18:16'::timestamp);
INSERT INTO shifts (employee_id, location_id, shift_start, shift_end) VALUES (52, 3, '2026-05-11T15:05:53'::timestamp, '2026-05-11T21:05:53'::timestamp);
INSERT INTO shifts (employee_id, location_id, shift_start, shift_end) VALUES (52, 20, '2026-05-17T15:21:47'::timestamp, '2026-05-17T23:21:47'::timestamp);
INSERT INTO shifts (employee_id, location_id, shift_start, shift_end) VALUES (53, 13, '2026-05-14T08:19:13'::timestamp, '2026-05-14T12:19:13'::timestamp);
INSERT INTO shifts (employee_id, location_id, shift_start, shift_end) VALUES (53, 9, '2026-05-18T08:43:29'::timestamp, '2026-05-18T13:43:29'::timestamp);
INSERT INTO shifts (employee_id, location_id, shift_start, shift_end) VALUES (53, 10, '2026-05-14T15:39:28'::timestamp, '2026-05-14T19:39:28'::timestamp);
INSERT INTO shifts (employee_id, location_id, shift_start, shift_end) VALUES (53, 18, '2026-05-16T11:30:32'::timestamp, '2026-05-16T18:30:32'::timestamp);
INSERT INTO shifts (employee_id, location_id, shift_start, shift_end) VALUES (54, 8, '2026-05-13T15:00:57'::timestamp, '2026-05-13T20:00:57'::timestamp);
INSERT INTO shifts (employee_id, location_id, shift_start, shift_end) VALUES (54, 10, '2026-05-11T15:21:00'::timestamp, '2026-05-11T19:21:00'::timestamp);
INSERT INTO shifts (employee_id, location_id, shift_start, shift_end) VALUES (54, 6, '2026-05-17T15:49:46'::timestamp, '2026-05-17T23:49:46'::timestamp);
INSERT INTO shifts (employee_id, location_id, shift_start, shift_end) VALUES (54, 13, '2026-05-16T15:46:19'::timestamp, '2026-05-16T23:46:19'::timestamp);
INSERT INTO shifts (employee_id, location_id, shift_start, shift_end) VALUES (54, 17, '2026-05-12T15:21:21'::timestamp, '2026-05-12T22:21:21'::timestamp);

SET session_replication_role = 'origin';
