-- Daily Test Data Insert (2026-05-03T18:48:26.988450)
-- These tables receive data daily:
-- orders, order_items, payments, order_discounts, loyalty_txn, shifts, reservations, inventory

SET session_replication_role = 'replica';

-- DISCOUNTS
INSERT INTO discounts (code, description, type, amount, start_date, end_date) VALUES ('PROMO001_9330', 'Middle tax by activity song.', 'fixed', 48.17, '2010-08-23'::date, '2010-10-16'::date) RETURNING id;
INSERT INTO discounts (code, description, type, amount, start_date, end_date) VALUES ('PROMO002_1727', 'Capital buy nation.', 'fixed', 23.35, '2010-11-30'::date, '2010-12-16'::date) RETURNING id;
INSERT INTO discounts (code, description, type, amount, start_date, end_date) VALUES ('PROMO003_3116', 'Building cut material high environmental to.', 'percent', 26.56, '2025-07-22'::date, '2025-08-28'::date) RETURNING id;

-- LOYALTY_TXN
INSERT INTO loyalty_txn (loyalty_id, points_change, txn_type, txn_time) VALUES (1, 167, 'earn', '2026-05-02T08:35:38'::timestamp);
INSERT INTO loyalty_txn (loyalty_id, points_change, txn_type, txn_time) VALUES (1, 186, 'earn', '2026-05-02T09:58:16'::timestamp);
INSERT INTO loyalty_txn (loyalty_id, points_change, txn_type, txn_time) VALUES (1, 3, 'earn', '2026-05-01T18:08:50'::timestamp);
INSERT INTO loyalty_txn (loyalty_id, points_change, txn_type, txn_time) VALUES (1,  -94, 'redeem', '2026-05-02T17:05:26'::timestamp);
INSERT INTO loyalty_txn (loyalty_id, points_change, txn_type, txn_time) VALUES (2, 106, 'earn', '2026-05-03T03:05:49'::timestamp);
INSERT INTO loyalty_txn (loyalty_id, points_change, txn_type, txn_time) VALUES (2, 94, 'earn', '2026-05-02T14:24:01'::timestamp);
INSERT INTO loyalty_txn (loyalty_id, points_change, txn_type, txn_time) VALUES (2, 80, 'earn', '2026-05-01T20:04:22'::timestamp);
INSERT INTO loyalty_txn (loyalty_id, points_change, txn_type, txn_time) VALUES (3,  -27, 'redeem', '2026-05-03T05:16:47'::timestamp);
INSERT INTO loyalty_txn (loyalty_id, points_change, txn_type, txn_time) VALUES (3,  -14, 'redeem', '2026-05-03T17:05:35'::timestamp);
INSERT INTO loyalty_txn (loyalty_id, points_change, txn_type, txn_time) VALUES (3, 102, 'earn', '2026-05-03T16:02:14'::timestamp);
INSERT INTO loyalty_txn (loyalty_id, points_change, txn_type, txn_time) VALUES (3, 69, 'earn', '2026-05-02T00:14:17'::timestamp);
INSERT INTO loyalty_txn (loyalty_id, points_change, txn_type, txn_time) VALUES (3, 54, 'earn', '2026-05-01T09:42:24'::timestamp);
INSERT INTO loyalty_txn (loyalty_id, points_change, txn_type, txn_time) VALUES (4,  -48, 'redeem', '2026-05-03T06:43:02'::timestamp);
INSERT INTO loyalty_txn (loyalty_id, points_change, txn_type, txn_time) VALUES (4,  -95, 'redeem', '2026-05-03T15:23:40'::timestamp);
INSERT INTO loyalty_txn (loyalty_id, points_change, txn_type, txn_time) VALUES (4, 128, 'earn', '2026-05-03T06:25:37'::timestamp);
INSERT INTO loyalty_txn (loyalty_id, points_change, txn_type, txn_time) VALUES (5,  -31, 'redeem', '2026-05-02T08:10:16'::timestamp);
INSERT INTO loyalty_txn (loyalty_id, points_change, txn_type, txn_time) VALUES (5, 150, 'earn', '2026-05-03T18:32:37'::timestamp);
INSERT INTO loyalty_txn (loyalty_id, points_change, txn_type, txn_time) VALUES (5, 82, 'earn', '2026-05-01T07:30:37'::timestamp);
INSERT INTO loyalty_txn (loyalty_id, points_change, txn_type, txn_time) VALUES (5,  -97, 'redeem', '2026-05-01T20:07:37'::timestamp);
INSERT INTO loyalty_txn (loyalty_id, points_change, txn_type, txn_time) VALUES (6,  -29, 'redeem', '2026-05-02T16:05:09'::timestamp);
INSERT INTO loyalty_txn (loyalty_id, points_change, txn_type, txn_time) VALUES (6, 5, 'earn', '2026-05-01T23:59:36'::timestamp);
INSERT INTO loyalty_txn (loyalty_id, points_change, txn_type, txn_time) VALUES (6, 187, 'earn', '2026-05-01T12:59:16'::timestamp);
INSERT INTO loyalty_txn (loyalty_id, points_change, txn_type, txn_time) VALUES (7,  -51, 'redeem', '2026-05-02T08:53:24'::timestamp);
INSERT INTO loyalty_txn (loyalty_id, points_change, txn_type, txn_time) VALUES (7, 84, 'earn', '2026-05-01T16:26:15'::timestamp);
INSERT INTO loyalty_txn (loyalty_id, points_change, txn_type, txn_time) VALUES (7, 82, 'earn', '2026-05-03T04:25:10'::timestamp);
INSERT INTO loyalty_txn (loyalty_id, points_change, txn_type, txn_time) VALUES (7,  -37, 'redeem', '2026-05-02T03:11:24'::timestamp);
INSERT INTO loyalty_txn (loyalty_id, points_change, txn_type, txn_time) VALUES (7, 168, 'earn', '2026-05-01T07:44:26'::timestamp);
INSERT INTO loyalty_txn (loyalty_id, points_change, txn_type, txn_time) VALUES (8, 135, 'earn', '2026-05-02T04:17:02'::timestamp);
INSERT INTO loyalty_txn (loyalty_id, points_change, txn_type, txn_time) VALUES (8,  -1, 'redeem', '2026-05-03T05:37:11'::timestamp);
INSERT INTO loyalty_txn (loyalty_id, points_change, txn_type, txn_time) VALUES (8, 55, 'earn', '2026-05-01T16:33:31'::timestamp);
INSERT INTO loyalty_txn (loyalty_id, points_change, txn_type, txn_time) VALUES (8, 111, 'earn', '2026-05-01T10:55:55'::timestamp);
INSERT INTO loyalty_txn (loyalty_id, points_change, txn_type, txn_time) VALUES (8,  -28, 'redeem', '2026-05-02T13:50:49'::timestamp);
INSERT INTO loyalty_txn (loyalty_id, points_change, txn_type, txn_time) VALUES (9,  -78, 'redeem', '2026-05-01T07:40:04'::timestamp);
INSERT INTO loyalty_txn (loyalty_id, points_change, txn_type, txn_time) VALUES (9, 38, 'earn', '2026-05-01T22:49:20'::timestamp);
INSERT INTO loyalty_txn (loyalty_id, points_change, txn_type, txn_time) VALUES (9,  -70, 'redeem', '2026-05-02T12:25:56'::timestamp);
INSERT INTO loyalty_txn (loyalty_id, points_change, txn_type, txn_time) VALUES (9,  -74, 'redeem', '2026-05-01T15:39:59'::timestamp);
INSERT INTO loyalty_txn (loyalty_id, points_change, txn_type, txn_time) VALUES (9, 164, 'earn', '2026-05-02T14:24:18'::timestamp);
INSERT INTO loyalty_txn (loyalty_id, points_change, txn_type, txn_time) VALUES (10, 114, 'earn', '2026-05-03T01:10:30'::timestamp);
INSERT INTO loyalty_txn (loyalty_id, points_change, txn_type, txn_time) VALUES (10, 194, 'earn', '2026-05-01T03:51:51'::timestamp);
INSERT INTO loyalty_txn (loyalty_id, points_change, txn_type, txn_time) VALUES (10, 63, 'earn', '2026-05-01T12:08:35'::timestamp);
INSERT INTO loyalty_txn (loyalty_id, points_change, txn_type, txn_time) VALUES (10, 68, 'earn', '2026-05-01T13:50:05'::timestamp);
INSERT INTO loyalty_txn (loyalty_id, points_change, txn_type, txn_time) VALUES (10, 98, 'earn', '2026-05-01T07:57:54'::timestamp);
INSERT INTO loyalty_txn (loyalty_id, points_change, txn_type, txn_time) VALUES (11, 162, 'earn', '2026-05-03T01:49:48'::timestamp);
INSERT INTO loyalty_txn (loyalty_id, points_change, txn_type, txn_time) VALUES (11, 120, 'earn', '2026-05-01T08:55:37'::timestamp);
INSERT INTO loyalty_txn (loyalty_id, points_change, txn_type, txn_time) VALUES (11, 84, 'earn', '2026-05-02T08:41:02'::timestamp);
INSERT INTO loyalty_txn (loyalty_id, points_change, txn_type, txn_time) VALUES (11, 188, 'earn', '2026-05-03T15:04:02'::timestamp);
INSERT INTO loyalty_txn (loyalty_id, points_change, txn_type, txn_time) VALUES (12, 152, 'earn', '2026-05-03T01:43:43'::timestamp);
INSERT INTO loyalty_txn (loyalty_id, points_change, txn_type, txn_time) VALUES (12, 12, 'earn', '2026-05-02T23:53:39'::timestamp);
INSERT INTO loyalty_txn (loyalty_id, points_change, txn_type, txn_time) VALUES (13,  -24, 'redeem', '2026-05-03T16:11:09'::timestamp);
INSERT INTO loyalty_txn (loyalty_id, points_change, txn_type, txn_time) VALUES (13, 50, 'earn', '2026-05-01T05:13:31'::timestamp);
INSERT INTO loyalty_txn (loyalty_id, points_change, txn_type, txn_time) VALUES (13, 200, 'earn', '2026-05-01T21:00:28'::timestamp);
INSERT INTO loyalty_txn (loyalty_id, points_change, txn_type, txn_time) VALUES (13, 126, 'earn', '2026-05-02T07:07:17'::timestamp);
INSERT INTO loyalty_txn (loyalty_id, points_change, txn_type, txn_time) VALUES (13, 119, 'earn', '2026-05-02T22:25:47'::timestamp);
INSERT INTO loyalty_txn (loyalty_id, points_change, txn_type, txn_time) VALUES (14, 86, 'earn', '2026-05-01T15:34:06'::timestamp);
INSERT INTO loyalty_txn (loyalty_id, points_change, txn_type, txn_time) VALUES (14, 157, 'earn', '2026-05-02T22:00:56'::timestamp);
INSERT INTO loyalty_txn (loyalty_id, points_change, txn_type, txn_time) VALUES (14, 198, 'earn', '2026-05-01T12:53:57'::timestamp);
INSERT INTO loyalty_txn (loyalty_id, points_change, txn_type, txn_time) VALUES (14,  -42, 'redeem', '2026-05-01T19:36:39'::timestamp);
INSERT INTO loyalty_txn (loyalty_id, points_change, txn_type, txn_time) VALUES (15,  -2, 'redeem', '2026-05-02T22:39:57'::timestamp);
INSERT INTO loyalty_txn (loyalty_id, points_change, txn_type, txn_time) VALUES (15, 62, 'earn', '2026-05-03T18:14:46'::timestamp);
INSERT INTO loyalty_txn (loyalty_id, points_change, txn_type, txn_time) VALUES (15, 127, 'earn', '2026-05-01T09:54:53'::timestamp);
INSERT INTO loyalty_txn (loyalty_id, points_change, txn_type, txn_time) VALUES (16, 29, 'earn', '2026-05-01T19:57:01'::timestamp);
INSERT INTO loyalty_txn (loyalty_id, points_change, txn_type, txn_time) VALUES (16, 125, 'earn', '2026-05-01T13:27:54'::timestamp);
INSERT INTO loyalty_txn (loyalty_id, points_change, txn_type, txn_time) VALUES (16, 138, 'earn', '2026-05-01T13:19:09'::timestamp);
INSERT INTO loyalty_txn (loyalty_id, points_change, txn_type, txn_time) VALUES (16,  -27, 'redeem', '2026-05-02T15:32:36'::timestamp);
INSERT INTO loyalty_txn (loyalty_id, points_change, txn_type, txn_time) VALUES (17, 28, 'earn', '2026-05-01T05:09:52'::timestamp);
INSERT INTO loyalty_txn (loyalty_id, points_change, txn_type, txn_time) VALUES (17,  -11, 'redeem', '2026-05-03T14:51:23'::timestamp);
INSERT INTO loyalty_txn (loyalty_id, points_change, txn_type, txn_time) VALUES (18, 197, 'earn', '2026-05-02T12:24:20'::timestamp);
INSERT INTO loyalty_txn (loyalty_id, points_change, txn_type, txn_time) VALUES (18, 101, 'earn', '2026-05-02T13:35:37'::timestamp);
INSERT INTO loyalty_txn (loyalty_id, points_change, txn_type, txn_time) VALUES (18,  -82, 'redeem', '2026-05-01T09:06:10'::timestamp);
INSERT INTO loyalty_txn (loyalty_id, points_change, txn_type, txn_time) VALUES (18, 19, 'earn', '2026-05-02T06:30:46'::timestamp);
INSERT INTO loyalty_txn (loyalty_id, points_change, txn_type, txn_time) VALUES (18,  -99, 'redeem', '2026-05-01T21:53:26'::timestamp);
INSERT INTO loyalty_txn (loyalty_id, points_change, txn_type, txn_time) VALUES (19, 95, 'earn', '2026-05-02T04:08:27'::timestamp);
INSERT INTO loyalty_txn (loyalty_id, points_change, txn_type, txn_time) VALUES (19, 196, 'earn', '2026-05-01T19:24:30'::timestamp);
INSERT INTO loyalty_txn (loyalty_id, points_change, txn_type, txn_time) VALUES (19, 104, 'earn', '2026-05-01T09:25:57'::timestamp);
INSERT INTO loyalty_txn (loyalty_id, points_change, txn_type, txn_time) VALUES (20,  -5, 'redeem', '2026-05-01T14:28:11'::timestamp);
INSERT INTO loyalty_txn (loyalty_id, points_change, txn_type, txn_time) VALUES (20, 157, 'earn', '2026-05-03T03:08:55'::timestamp);
INSERT INTO loyalty_txn (loyalty_id, points_change, txn_type, txn_time) VALUES (20, 95, 'earn', '2026-05-03T11:04:31'::timestamp);
INSERT INTO loyalty_txn (loyalty_id, points_change, txn_type, txn_time) VALUES (21, 2, 'earn', '2026-05-02T04:51:08'::timestamp);
INSERT INTO loyalty_txn (loyalty_id, points_change, txn_type, txn_time) VALUES (21, 95, 'earn', '2026-05-03T17:13:08'::timestamp);
INSERT INTO loyalty_txn (loyalty_id, points_change, txn_type, txn_time) VALUES (22,  -31, 'redeem', '2026-05-02T19:44:20'::timestamp);
INSERT INTO loyalty_txn (loyalty_id, points_change, txn_type, txn_time) VALUES (22, 189, 'earn', '2026-05-02T17:05:07'::timestamp);
INSERT INTO loyalty_txn (loyalty_id, points_change, txn_type, txn_time) VALUES (23,  -76, 'redeem', '2026-05-01T02:58:39'::timestamp);
INSERT INTO loyalty_txn (loyalty_id, points_change, txn_type, txn_time) VALUES (23, 165, 'earn', '2026-05-03T15:08:44'::timestamp);
INSERT INTO loyalty_txn (loyalty_id, points_change, txn_type, txn_time) VALUES (23,  -58, 'redeem', '2026-05-01T03:36:51'::timestamp);
INSERT INTO loyalty_txn (loyalty_id, points_change, txn_type, txn_time) VALUES (23, 188, 'earn', '2026-05-01T19:34:40'::timestamp);
INSERT INTO loyalty_txn (loyalty_id, points_change, txn_type, txn_time) VALUES (24, 167, 'earn', '2026-05-02T10:36:05'::timestamp);
INSERT INTO loyalty_txn (loyalty_id, points_change, txn_type, txn_time) VALUES (24, 133, 'earn', '2026-05-01T22:38:32'::timestamp);
INSERT INTO loyalty_txn (loyalty_id, points_change, txn_type, txn_time) VALUES (25,  -31, 'redeem', '2026-05-02T17:21:28'::timestamp);
INSERT INTO loyalty_txn (loyalty_id, points_change, txn_type, txn_time) VALUES (25, 108, 'earn', '2026-05-02T16:47:20'::timestamp);
INSERT INTO loyalty_txn (loyalty_id, points_change, txn_type, txn_time) VALUES (25, 99, 'earn', '2026-05-03T07:52:06'::timestamp);
INSERT INTO loyalty_txn (loyalty_id, points_change, txn_type, txn_time) VALUES (25,  -100, 'redeem', '2026-05-03T17:56:26'::timestamp);
INSERT INTO loyalty_txn (loyalty_id, points_change, txn_type, txn_time) VALUES (26, 85, 'earn', '2026-05-02T19:38:27'::timestamp);
INSERT INTO loyalty_txn (loyalty_id, points_change, txn_type, txn_time) VALUES (26, 34, 'earn', '2026-05-02T02:17:03'::timestamp);
INSERT INTO loyalty_txn (loyalty_id, points_change, txn_type, txn_time) VALUES (26,  -73, 'redeem', '2026-05-02T06:32:08'::timestamp);
INSERT INTO loyalty_txn (loyalty_id, points_change, txn_type, txn_time) VALUES (26, 100, 'earn', '2026-05-03T10:13:53'::timestamp);
INSERT INTO loyalty_txn (loyalty_id, points_change, txn_type, txn_time) VALUES (27,  -53, 'redeem', '2026-05-03T08:38:39'::timestamp);
INSERT INTO loyalty_txn (loyalty_id, points_change, txn_type, txn_time) VALUES (27, 199, 'earn', '2026-05-02T02:36:49'::timestamp);
INSERT INTO loyalty_txn (loyalty_id, points_change, txn_type, txn_time) VALUES (27,  -27, 'redeem', '2026-05-01T21:08:47'::timestamp);
INSERT INTO loyalty_txn (loyalty_id, points_change, txn_type, txn_time) VALUES (27, 159, 'earn', '2026-05-01T19:25:23'::timestamp);
INSERT INTO loyalty_txn (loyalty_id, points_change, txn_type, txn_time) VALUES (28, 51, 'earn', '2026-05-02T08:31:46'::timestamp);
INSERT INTO loyalty_txn (loyalty_id, points_change, txn_type, txn_time) VALUES (28, 66, 'earn', '2026-05-02T23:46:26'::timestamp);
INSERT INTO loyalty_txn (loyalty_id, points_change, txn_type, txn_time) VALUES (29, 85, 'earn', '2026-05-03T16:52:56'::timestamp);
INSERT INTO loyalty_txn (loyalty_id, points_change, txn_type, txn_time) VALUES (29, 152, 'earn', '2026-05-03T09:21:30'::timestamp);
INSERT INTO loyalty_txn (loyalty_id, points_change, txn_type, txn_time) VALUES (29, 64, 'earn', '2026-05-01T03:25:08'::timestamp);
INSERT INTO loyalty_txn (loyalty_id, points_change, txn_type, txn_time) VALUES (29,  -90, 'redeem', '2026-05-02T06:54:22'::timestamp);
INSERT INTO loyalty_txn (loyalty_id, points_change, txn_type, txn_time) VALUES (29, 58, 'earn', '2026-05-02T01:02:09'::timestamp);
INSERT INTO loyalty_txn (loyalty_id, points_change, txn_type, txn_time) VALUES (30, 36, 'earn', '2026-05-03T13:13:30'::timestamp);
INSERT INTO loyalty_txn (loyalty_id, points_change, txn_type, txn_time) VALUES (30, 41, 'earn', '2026-05-02T03:32:50'::timestamp);
INSERT INTO loyalty_txn (loyalty_id, points_change, txn_type, txn_time) VALUES (30,  -72, 'redeem', '2026-05-01T00:23:10'::timestamp);
INSERT INTO loyalty_txn (loyalty_id, points_change, txn_type, txn_time) VALUES (31, 63, 'earn', '2026-05-02T14:18:45'::timestamp);
INSERT INTO loyalty_txn (loyalty_id, points_change, txn_type, txn_time) VALUES (31, 110, 'earn', '2026-05-01T01:50:32'::timestamp);
INSERT INTO loyalty_txn (loyalty_id, points_change, txn_type, txn_time) VALUES (31, 148, 'earn', '2026-05-03T04:57:25'::timestamp);
INSERT INTO loyalty_txn (loyalty_id, points_change, txn_type, txn_time) VALUES (31,  -63, 'redeem', '2026-05-02T12:07:48'::timestamp);
INSERT INTO loyalty_txn (loyalty_id, points_change, txn_type, txn_time) VALUES (32, 140, 'earn', '2026-05-01T19:47:10'::timestamp);
INSERT INTO loyalty_txn (loyalty_id, points_change, txn_type, txn_time) VALUES (32, 109, 'earn', '2026-05-01T11:00:07'::timestamp);
INSERT INTO loyalty_txn (loyalty_id, points_change, txn_type, txn_time) VALUES (32,  -85, 'redeem', '2026-05-01T03:31:41'::timestamp);
INSERT INTO loyalty_txn (loyalty_id, points_change, txn_type, txn_time) VALUES (32, 183, 'earn', '2026-05-03T16:42:36'::timestamp);
INSERT INTO loyalty_txn (loyalty_id, points_change, txn_type, txn_time) VALUES (32,  -74, 'redeem', '2026-05-02T23:47:51'::timestamp);
INSERT INTO loyalty_txn (loyalty_id, points_change, txn_type, txn_time) VALUES (33,  -100, 'redeem', '2026-05-01T19:44:07'::timestamp);
INSERT INTO loyalty_txn (loyalty_id, points_change, txn_type, txn_time) VALUES (33, 171, 'earn', '2026-05-02T13:49:58'::timestamp);
INSERT INTO loyalty_txn (loyalty_id, points_change, txn_type, txn_time) VALUES (34,  -59, 'redeem', '2026-05-03T02:53:38'::timestamp);
INSERT INTO loyalty_txn (loyalty_id, points_change, txn_type, txn_time) VALUES (34, 67, 'earn', '2026-05-01T12:27:13'::timestamp);
INSERT INTO loyalty_txn (loyalty_id, points_change, txn_type, txn_time) VALUES (34,  -75, 'redeem', '2026-05-03T09:03:36'::timestamp);
INSERT INTO loyalty_txn (loyalty_id, points_change, txn_type, txn_time) VALUES (34, 30, 'earn', '2026-05-01T08:07:03'::timestamp);
INSERT INTO loyalty_txn (loyalty_id, points_change, txn_type, txn_time) VALUES (34, 100, 'earn', '2026-05-02T15:14:11'::timestamp);
INSERT INTO loyalty_txn (loyalty_id, points_change, txn_type, txn_time) VALUES (35, 140, 'earn', '2026-05-01T09:52:51'::timestamp);
INSERT INTO loyalty_txn (loyalty_id, points_change, txn_type, txn_time) VALUES (35,  -34, 'redeem', '2026-05-01T16:53:45'::timestamp);
INSERT INTO loyalty_txn (loyalty_id, points_change, txn_type, txn_time) VALUES (36, 21, 'earn', '2026-05-01T14:33:11'::timestamp);
INSERT INTO loyalty_txn (loyalty_id, points_change, txn_type, txn_time) VALUES (36,  -24, 'redeem', '2026-05-02T03:10:32'::timestamp);
INSERT INTO loyalty_txn (loyalty_id, points_change, txn_type, txn_time) VALUES (36, 108, 'earn', '2026-05-01T06:33:17'::timestamp);
INSERT INTO loyalty_txn (loyalty_id, points_change, txn_type, txn_time) VALUES (37,  -65, 'redeem', '2026-05-02T04:34:58'::timestamp);
INSERT INTO loyalty_txn (loyalty_id, points_change, txn_type, txn_time) VALUES (37, 194, 'earn', '2026-05-01T11:07:28'::timestamp);
INSERT INTO loyalty_txn (loyalty_id, points_change, txn_type, txn_time) VALUES (37, 175, 'earn', '2026-05-01T05:00:30'::timestamp);
INSERT INTO loyalty_txn (loyalty_id, points_change, txn_type, txn_time) VALUES (38, 166, 'earn', '2026-05-01T23:40:51'::timestamp);
INSERT INTO loyalty_txn (loyalty_id, points_change, txn_type, txn_time) VALUES (38, 115, 'earn', '2026-05-02T13:55:05'::timestamp);
INSERT INTO loyalty_txn (loyalty_id, points_change, txn_type, txn_time) VALUES (38,  -53, 'redeem', '2026-05-01T07:18:28'::timestamp);
INSERT INTO loyalty_txn (loyalty_id, points_change, txn_type, txn_time) VALUES (38,  -30, 'redeem', '2026-05-02T12:26:59'::timestamp);
INSERT INTO loyalty_txn (loyalty_id, points_change, txn_type, txn_time) VALUES (39, 5, 'earn', '2026-05-02T18:51:44'::timestamp);
INSERT INTO loyalty_txn (loyalty_id, points_change, txn_type, txn_time) VALUES (39, 144, 'earn', '2026-05-02T13:55:36'::timestamp);
INSERT INTO loyalty_txn (loyalty_id, points_change, txn_type, txn_time) VALUES (40, 176, 'earn', '2026-05-02T18:00:56'::timestamp);
INSERT INTO loyalty_txn (loyalty_id, points_change, txn_type, txn_time) VALUES (40,  -58, 'redeem', '2026-05-03T14:09:45'::timestamp);
INSERT INTO loyalty_txn (loyalty_id, points_change, txn_type, txn_time) VALUES (41, 179, 'earn', '2026-05-03T10:31:26'::timestamp);
INSERT INTO loyalty_txn (loyalty_id, points_change, txn_type, txn_time) VALUES (41, 115, 'earn', '2026-05-02T03:19:16'::timestamp);
INSERT INTO loyalty_txn (loyalty_id, points_change, txn_type, txn_time) VALUES (41,  -18, 'redeem', '2026-05-02T00:10:53'::timestamp);
INSERT INTO loyalty_txn (loyalty_id, points_change, txn_type, txn_time) VALUES (42, 64, 'earn', '2026-05-02T16:07:55'::timestamp);
INSERT INTO loyalty_txn (loyalty_id, points_change, txn_type, txn_time) VALUES (42,  -32, 'redeem', '2026-05-03T06:53:34'::timestamp);
INSERT INTO loyalty_txn (loyalty_id, points_change, txn_type, txn_time) VALUES (42,  -1, 'redeem', '2026-05-01T01:45:28'::timestamp);
INSERT INTO loyalty_txn (loyalty_id, points_change, txn_type, txn_time) VALUES (43, 166, 'earn', '2026-05-03T15:40:17'::timestamp);
INSERT INTO loyalty_txn (loyalty_id, points_change, txn_type, txn_time) VALUES (43, 12, 'earn', '2026-05-01T08:12:53'::timestamp);
INSERT INTO loyalty_txn (loyalty_id, points_change, txn_type, txn_time) VALUES (44, 195, 'earn', '2026-05-02T03:49:22'::timestamp);
INSERT INTO loyalty_txn (loyalty_id, points_change, txn_type, txn_time) VALUES (44, 126, 'earn', '2026-05-01T11:32:04'::timestamp);
INSERT INTO loyalty_txn (loyalty_id, points_change, txn_type, txn_time) VALUES (44, 48, 'earn', '2026-05-02T17:40:59'::timestamp);
INSERT INTO loyalty_txn (loyalty_id, points_change, txn_type, txn_time) VALUES (44, 155, 'earn', '2026-05-01T10:15:25'::timestamp);
INSERT INTO loyalty_txn (loyalty_id, points_change, txn_type, txn_time) VALUES (45, 169, 'earn', '2026-05-01T05:06:20'::timestamp);
INSERT INTO loyalty_txn (loyalty_id, points_change, txn_type, txn_time) VALUES (45, 109, 'earn', '2026-05-01T19:57:56'::timestamp);
INSERT INTO loyalty_txn (loyalty_id, points_change, txn_type, txn_time) VALUES (45, 55, 'earn', '2026-05-02T12:05:18'::timestamp);
INSERT INTO loyalty_txn (loyalty_id, points_change, txn_type, txn_time) VALUES (45,  -57, 'redeem', '2026-05-02T07:20:13'::timestamp);
INSERT INTO loyalty_txn (loyalty_id, points_change, txn_type, txn_time) VALUES (45,  -79, 'redeem', '2026-05-01T10:19:06'::timestamp);
INSERT INTO loyalty_txn (loyalty_id, points_change, txn_type, txn_time) VALUES (46,  -72, 'redeem', '2026-05-03T07:32:50'::timestamp);
INSERT INTO loyalty_txn (loyalty_id, points_change, txn_type, txn_time) VALUES (46, 41, 'earn', '2026-05-03T16:15:58'::timestamp);
INSERT INTO loyalty_txn (loyalty_id, points_change, txn_type, txn_time) VALUES (46, 128, 'earn', '2026-05-01T13:50:14'::timestamp);
INSERT INTO loyalty_txn (loyalty_id, points_change, txn_type, txn_time) VALUES (46, 172, 'earn', '2026-05-03T12:06:50'::timestamp);
INSERT INTO loyalty_txn (loyalty_id, points_change, txn_type, txn_time) VALUES (46, 37, 'earn', '2026-05-02T14:26:30'::timestamp);
INSERT INTO loyalty_txn (loyalty_id, points_change, txn_type, txn_time) VALUES (47,  -18, 'redeem', '2026-05-01T19:15:14'::timestamp);
INSERT INTO loyalty_txn (loyalty_id, points_change, txn_type, txn_time) VALUES (47,  -49, 'redeem', '2026-05-03T09:10:26'::timestamp);
INSERT INTO loyalty_txn (loyalty_id, points_change, txn_type, txn_time) VALUES (47, 102, 'earn', '2026-05-02T05:26:28'::timestamp);
INSERT INTO loyalty_txn (loyalty_id, points_change, txn_type, txn_time) VALUES (47, 183, 'earn', '2026-05-01T10:19:49'::timestamp);
INSERT INTO loyalty_txn (loyalty_id, points_change, txn_type, txn_time) VALUES (48,  -36, 'redeem', '2026-05-02T04:08:10'::timestamp);
INSERT INTO loyalty_txn (loyalty_id, points_change, txn_type, txn_time) VALUES (48,  -9, 'redeem', '2026-05-01T03:09:26'::timestamp);
INSERT INTO loyalty_txn (loyalty_id, points_change, txn_type, txn_time) VALUES (48, 144, 'earn', '2026-05-02T03:49:26'::timestamp);
INSERT INTO loyalty_txn (loyalty_id, points_change, txn_type, txn_time) VALUES (48, 9, 'earn', '2026-05-01T00:08:01'::timestamp);
INSERT INTO loyalty_txn (loyalty_id, points_change, txn_type, txn_time) VALUES (49, 200, 'earn', '2026-05-01T17:52:55'::timestamp);
INSERT INTO loyalty_txn (loyalty_id, points_change, txn_type, txn_time) VALUES (49, 35, 'earn', '2026-05-03T17:53:02'::timestamp);
INSERT INTO loyalty_txn (loyalty_id, points_change, txn_type, txn_time) VALUES (50, 24, 'earn', '2026-05-02T03:48:50'::timestamp);
INSERT INTO loyalty_txn (loyalty_id, points_change, txn_type, txn_time) VALUES (50,  -67, 'redeem', '2026-05-01T02:41:10'::timestamp);
INSERT INTO loyalty_txn (loyalty_id, points_change, txn_type, txn_time) VALUES (51, 49, 'earn', '2026-05-02T16:57:31'::timestamp);
INSERT INTO loyalty_txn (loyalty_id, points_change, txn_type, txn_time) VALUES (51,  -64, 'redeem', '2026-05-02T11:11:08'::timestamp);
INSERT INTO loyalty_txn (loyalty_id, points_change, txn_type, txn_time) VALUES (51,  -64, 'redeem', '2026-05-02T16:49:10'::timestamp);
INSERT INTO loyalty_txn (loyalty_id, points_change, txn_type, txn_time) VALUES (52, 37, 'earn', '2026-05-01T05:05:46'::timestamp);
INSERT INTO loyalty_txn (loyalty_id, points_change, txn_type, txn_time) VALUES (52, 26, 'earn', '2026-05-02T05:01:08'::timestamp);
INSERT INTO loyalty_txn (loyalty_id, points_change, txn_type, txn_time) VALUES (52, 184, 'earn', '2026-05-01T00:23:57'::timestamp);
INSERT INTO loyalty_txn (loyalty_id, points_change, txn_type, txn_time) VALUES (53, 124, 'earn', '2026-05-03T15:34:52'::timestamp);
INSERT INTO loyalty_txn (loyalty_id, points_change, txn_type, txn_time) VALUES (53, 190, 'earn', '2026-05-03T02:54:00'::timestamp);
INSERT INTO loyalty_txn (loyalty_id, points_change, txn_type, txn_time) VALUES (53, 56, 'earn', '2026-05-02T00:27:42'::timestamp);
INSERT INTO loyalty_txn (loyalty_id, points_change, txn_type, txn_time) VALUES (53, 26, 'earn', '2026-05-01T16:19:52'::timestamp);
INSERT INTO loyalty_txn (loyalty_id, points_change, txn_type, txn_time) VALUES (54, 74, 'earn', '2026-05-02T02:32:20'::timestamp);
INSERT INTO loyalty_txn (loyalty_id, points_change, txn_type, txn_time) VALUES (54, 37, 'earn', '2026-05-02T01:23:09'::timestamp);
INSERT INTO loyalty_txn (loyalty_id, points_change, txn_type, txn_time) VALUES (55,  -24, 'redeem', '2026-05-03T13:04:35'::timestamp);
INSERT INTO loyalty_txn (loyalty_id, points_change, txn_type, txn_time) VALUES (55, 122, 'earn', '2026-05-03T00:03:20'::timestamp);
INSERT INTO loyalty_txn (loyalty_id, points_change, txn_type, txn_time) VALUES (55,  -4, 'redeem', '2026-05-03T05:11:36'::timestamp);
INSERT INTO loyalty_txn (loyalty_id, points_change, txn_type, txn_time) VALUES (56, 124, 'earn', '2026-05-02T05:46:08'::timestamp);
INSERT INTO loyalty_txn (loyalty_id, points_change, txn_type, txn_time) VALUES (56, 82, 'earn', '2026-05-01T07:46:26'::timestamp);
INSERT INTO loyalty_txn (loyalty_id, points_change, txn_type, txn_time) VALUES (57, 182, 'earn', '2026-05-02T07:42:58'::timestamp);
INSERT INTO loyalty_txn (loyalty_id, points_change, txn_type, txn_time) VALUES (57,  -81, 'redeem', '2026-05-02T03:26:50'::timestamp);
INSERT INTO loyalty_txn (loyalty_id, points_change, txn_type, txn_time) VALUES (58, 12, 'earn', '2026-05-02T15:10:49'::timestamp);
INSERT INTO loyalty_txn (loyalty_id, points_change, txn_type, txn_time) VALUES (58, 91, 'earn', '2026-05-02T15:22:39'::timestamp);
INSERT INTO loyalty_txn (loyalty_id, points_change, txn_type, txn_time) VALUES (58,  -12, 'redeem', '2026-05-02T07:37:20'::timestamp);
INSERT INTO loyalty_txn (loyalty_id, points_change, txn_type, txn_time) VALUES (59, 164, 'earn', '2026-05-02T04:09:03'::timestamp);
INSERT INTO loyalty_txn (loyalty_id, points_change, txn_type, txn_time) VALUES (59, 92, 'earn', '2026-05-01T13:48:22'::timestamp);
INSERT INTO loyalty_txn (loyalty_id, points_change, txn_type, txn_time) VALUES (60, 195, 'earn', '2026-05-02T22:40:27'::timestamp);
INSERT INTO loyalty_txn (loyalty_id, points_change, txn_type, txn_time) VALUES (60,  -77, 'redeem', '2026-05-02T11:59:57'::timestamp);
INSERT INTO loyalty_txn (loyalty_id, points_change, txn_type, txn_time) VALUES (60, 162, 'earn', '2026-05-02T15:20:36'::timestamp);
INSERT INTO loyalty_txn (loyalty_id, points_change, txn_type, txn_time) VALUES (60,  -72, 'redeem', '2026-05-03T09:57:01'::timestamp);
INSERT INTO loyalty_txn (loyalty_id, points_change, txn_type, txn_time) VALUES (60, 96, 'earn', '2026-05-02T17:12:10'::timestamp);
INSERT INTO loyalty_txn (loyalty_id, points_change, txn_type, txn_time) VALUES (61, 53, 'earn', '2026-05-01T21:13:59'::timestamp);
INSERT INTO loyalty_txn (loyalty_id, points_change, txn_type, txn_time) VALUES (61,  -37, 'redeem', '2026-05-03T13:49:44'::timestamp);
INSERT INTO loyalty_txn (loyalty_id, points_change, txn_type, txn_time) VALUES (61,  -51, 'redeem', '2026-05-03T15:51:24'::timestamp);
INSERT INTO loyalty_txn (loyalty_id, points_change, txn_type, txn_time) VALUES (61,  -90, 'redeem', '2026-05-02T01:59:36'::timestamp);
INSERT INTO loyalty_txn (loyalty_id, points_change, txn_type, txn_time) VALUES (62, 14, 'earn', '2026-05-02T09:21:08'::timestamp);
INSERT INTO loyalty_txn (loyalty_id, points_change, txn_type, txn_time) VALUES (62, 157, 'earn', '2026-05-03T01:14:18'::timestamp);
INSERT INTO loyalty_txn (loyalty_id, points_change, txn_type, txn_time) VALUES (62, 37, 'earn', '2026-05-01T19:18:40'::timestamp);
INSERT INTO loyalty_txn (loyalty_id, points_change, txn_type, txn_time) VALUES (62, 62, 'earn', '2026-05-01T14:52:11'::timestamp);
INSERT INTO loyalty_txn (loyalty_id, points_change, txn_type, txn_time) VALUES (63,  -5, 'redeem', '2026-05-01T23:48:03'::timestamp);
INSERT INTO loyalty_txn (loyalty_id, points_change, txn_type, txn_time) VALUES (63,  -2, 'redeem', '2026-05-02T12:51:58'::timestamp);
INSERT INTO loyalty_txn (loyalty_id, points_change, txn_type, txn_time) VALUES (63,  -41, 'redeem', '2026-05-03T14:37:14'::timestamp);
INSERT INTO loyalty_txn (loyalty_id, points_change, txn_type, txn_time) VALUES (63, 87, 'earn', '2026-05-03T08:04:02'::timestamp);
INSERT INTO loyalty_txn (loyalty_id, points_change, txn_type, txn_time) VALUES (64,  -31, 'redeem', '2026-05-01T05:10:53'::timestamp);
INSERT INTO loyalty_txn (loyalty_id, points_change, txn_type, txn_time) VALUES (64, 18, 'earn', '2026-05-03T09:31:53'::timestamp);
INSERT INTO loyalty_txn (loyalty_id, points_change, txn_type, txn_time) VALUES (65, 51, 'earn', '2026-05-02T05:00:58'::timestamp);
INSERT INTO loyalty_txn (loyalty_id, points_change, txn_type, txn_time) VALUES (65,  -64, 'redeem', '2026-05-03T14:11:20'::timestamp);
INSERT INTO loyalty_txn (loyalty_id, points_change, txn_type, txn_time) VALUES (65, 38, 'earn', '2026-05-02T21:32:39'::timestamp);
INSERT INTO loyalty_txn (loyalty_id, points_change, txn_type, txn_time) VALUES (66, 58, 'earn', '2026-05-02T15:43:07'::timestamp);
INSERT INTO loyalty_txn (loyalty_id, points_change, txn_type, txn_time) VALUES (66,  -78, 'redeem', '2026-05-01T03:42:25'::timestamp);
INSERT INTO loyalty_txn (loyalty_id, points_change, txn_type, txn_time) VALUES (66,  -66, 'redeem', '2026-05-01T03:23:17'::timestamp);
INSERT INTO loyalty_txn (loyalty_id, points_change, txn_type, txn_time) VALUES (66, 29, 'earn', '2026-05-03T05:43:06'::timestamp);
INSERT INTO loyalty_txn (loyalty_id, points_change, txn_type, txn_time) VALUES (66, 96, 'earn', '2026-05-01T12:27:06'::timestamp);
INSERT INTO loyalty_txn (loyalty_id, points_change, txn_type, txn_time) VALUES (67,  -39, 'redeem', '2026-05-01T16:04:47'::timestamp);
INSERT INTO loyalty_txn (loyalty_id, points_change, txn_type, txn_time) VALUES (67, 58, 'earn', '2026-05-01T13:21:26'::timestamp);
INSERT INTO loyalty_txn (loyalty_id, points_change, txn_type, txn_time) VALUES (67, 17, 'earn', '2026-05-01T19:20:41'::timestamp);
INSERT INTO loyalty_txn (loyalty_id, points_change, txn_type, txn_time) VALUES (67,  -76, 'redeem', '2026-05-02T03:48:56'::timestamp);
INSERT INTO loyalty_txn (loyalty_id, points_change, txn_type, txn_time) VALUES (67, 100, 'earn', '2026-05-02T08:06:25'::timestamp);
INSERT INTO loyalty_txn (loyalty_id, points_change, txn_type, txn_time) VALUES (68, 24, 'earn', '2026-05-01T19:22:09'::timestamp);
INSERT INTO loyalty_txn (loyalty_id, points_change, txn_type, txn_time) VALUES (68, 54, 'earn', '2026-05-02T18:41:08'::timestamp);
INSERT INTO loyalty_txn (loyalty_id, points_change, txn_type, txn_time) VALUES (69, 133, 'earn', '2026-05-03T12:18:15'::timestamp);
INSERT INTO loyalty_txn (loyalty_id, points_change, txn_type, txn_time) VALUES (69,  -60, 'redeem', '2026-05-01T08:41:37'::timestamp);
INSERT INTO loyalty_txn (loyalty_id, points_change, txn_type, txn_time) VALUES (69, 29, 'earn', '2026-05-02T07:56:18'::timestamp);
INSERT INTO loyalty_txn (loyalty_id, points_change, txn_type, txn_time) VALUES (70,  -60, 'redeem', '2026-05-01T10:47:45'::timestamp);
INSERT INTO loyalty_txn (loyalty_id, points_change, txn_type, txn_time) VALUES (70, 14, 'earn', '2026-05-02T04:34:38'::timestamp);
INSERT INTO loyalty_txn (loyalty_id, points_change, txn_type, txn_time) VALUES (70, 28, 'earn', '2026-05-03T09:29:33'::timestamp);
INSERT INTO loyalty_txn (loyalty_id, points_change, txn_type, txn_time) VALUES (70, 9, 'earn', '2026-05-02T12:04:57'::timestamp);
INSERT INTO loyalty_txn (loyalty_id, points_change, txn_type, txn_time) VALUES (71,  -29, 'redeem', '2026-05-01T13:49:54'::timestamp);
INSERT INTO loyalty_txn (loyalty_id, points_change, txn_type, txn_time) VALUES (71, 6, 'earn', '2026-05-01T07:33:14'::timestamp);
INSERT INTO loyalty_txn (loyalty_id, points_change, txn_type, txn_time) VALUES (72, 127, 'earn', '2026-05-02T21:09:13'::timestamp);
INSERT INTO loyalty_txn (loyalty_id, points_change, txn_type, txn_time) VALUES (72, 4, 'earn', '2026-05-02T07:16:49'::timestamp);
INSERT INTO loyalty_txn (loyalty_id, points_change, txn_type, txn_time) VALUES (73, 199, 'earn', '2026-05-03T03:03:41'::timestamp);
INSERT INTO loyalty_txn (loyalty_id, points_change, txn_type, txn_time) VALUES (73, 83, 'earn', '2026-05-02T01:19:53'::timestamp);
INSERT INTO loyalty_txn (loyalty_id, points_change, txn_type, txn_time) VALUES (74, 173, 'earn', '2026-05-01T10:51:26'::timestamp);
INSERT INTO loyalty_txn (loyalty_id, points_change, txn_type, txn_time) VALUES (74,  -77, 'redeem', '2026-05-01T15:59:27'::timestamp);
INSERT INTO loyalty_txn (loyalty_id, points_change, txn_type, txn_time) VALUES (74,  -5, 'redeem', '2026-05-03T17:47:45'::timestamp);
INSERT INTO loyalty_txn (loyalty_id, points_change, txn_type, txn_time) VALUES (74, 99, 'earn', '2026-05-02T00:52:44'::timestamp);
INSERT INTO loyalty_txn (loyalty_id, points_change, txn_type, txn_time) VALUES (74, 87, 'earn', '2026-05-03T15:47:30'::timestamp);
INSERT INTO loyalty_txn (loyalty_id, points_change, txn_type, txn_time) VALUES (75, 157, 'earn', '2026-05-02T09:58:57'::timestamp);
INSERT INTO loyalty_txn (loyalty_id, points_change, txn_type, txn_time) VALUES (75,  -13, 'redeem', '2026-05-03T15:27:26'::timestamp);
INSERT INTO loyalty_txn (loyalty_id, points_change, txn_type, txn_time) VALUES (75, 24, 'earn', '2026-05-02T09:56:03'::timestamp);
INSERT INTO loyalty_txn (loyalty_id, points_change, txn_type, txn_time) VALUES (75,  -55, 'redeem', '2026-05-01T20:47:03'::timestamp);
INSERT INTO loyalty_txn (loyalty_id, points_change, txn_type, txn_time) VALUES (76, 143, 'earn', '2026-05-01T23:30:30'::timestamp);
INSERT INTO loyalty_txn (loyalty_id, points_change, txn_type, txn_time) VALUES (76, 84, 'earn', '2026-05-03T09:49:36'::timestamp);
INSERT INTO loyalty_txn (loyalty_id, points_change, txn_type, txn_time) VALUES (76, 67, 'earn', '2026-05-03T17:16:48'::timestamp);
INSERT INTO loyalty_txn (loyalty_id, points_change, txn_type, txn_time) VALUES (77, 98, 'earn', '2026-05-02T15:01:23'::timestamp);
INSERT INTO loyalty_txn (loyalty_id, points_change, txn_type, txn_time) VALUES (77, 185, 'earn', '2026-05-02T14:38:19'::timestamp);
INSERT INTO loyalty_txn (loyalty_id, points_change, txn_type, txn_time) VALUES (78, 91, 'earn', '2026-05-01T09:34:20'::timestamp);
INSERT INTO loyalty_txn (loyalty_id, points_change, txn_type, txn_time) VALUES (78, 145, 'earn', '2026-05-03T13:02:14'::timestamp);
INSERT INTO loyalty_txn (loyalty_id, points_change, txn_type, txn_time) VALUES (78,  -18, 'redeem', '2026-05-01T21:08:21'::timestamp);
INSERT INTO loyalty_txn (loyalty_id, points_change, txn_type, txn_time) VALUES (79, 98, 'earn', '2026-05-02T12:56:37'::timestamp);
INSERT INTO loyalty_txn (loyalty_id, points_change, txn_type, txn_time) VALUES (79, 133, 'earn', '2026-05-02T06:38:59'::timestamp);
INSERT INTO loyalty_txn (loyalty_id, points_change, txn_type, txn_time) VALUES (79, 106, 'earn', '2026-05-03T10:27:40'::timestamp);
INSERT INTO loyalty_txn (loyalty_id, points_change, txn_type, txn_time) VALUES (80, 10, 'earn', '2026-05-01T21:54:44'::timestamp);
INSERT INTO loyalty_txn (loyalty_id, points_change, txn_type, txn_time) VALUES (80, 130, 'earn', '2026-05-01T17:06:55'::timestamp);
INSERT INTO loyalty_txn (loyalty_id, points_change, txn_type, txn_time) VALUES (80,  -8, 'redeem', '2026-05-01T16:48:33'::timestamp);
INSERT INTO loyalty_txn (loyalty_id, points_change, txn_type, txn_time) VALUES (81, 109, 'earn', '2026-05-02T00:44:01'::timestamp);
INSERT INTO loyalty_txn (loyalty_id, points_change, txn_type, txn_time) VALUES (81,  -71, 'redeem', '2026-05-03T03:53:45'::timestamp);
INSERT INTO loyalty_txn (loyalty_id, points_change, txn_type, txn_time) VALUES (81, 169, 'earn', '2026-05-03T11:08:59'::timestamp);
INSERT INTO loyalty_txn (loyalty_id, points_change, txn_type, txn_time) VALUES (81,  -85, 'redeem', '2026-05-01T22:15:57'::timestamp);
INSERT INTO loyalty_txn (loyalty_id, points_change, txn_type, txn_time) VALUES (82, 183, 'earn', '2026-05-03T11:43:30'::timestamp);
INSERT INTO loyalty_txn (loyalty_id, points_change, txn_type, txn_time) VALUES (82, 48, 'earn', '2026-05-01T08:21:03'::timestamp);
INSERT INTO loyalty_txn (loyalty_id, points_change, txn_type, txn_time) VALUES (82,  -15, 'redeem', '2026-05-02T08:21:41'::timestamp);
INSERT INTO loyalty_txn (loyalty_id, points_change, txn_type, txn_time) VALUES (82, 32, 'earn', '2026-05-02T04:35:55'::timestamp);
INSERT INTO loyalty_txn (loyalty_id, points_change, txn_type, txn_time) VALUES (82, 192, 'earn', '2026-05-01T22:21:12'::timestamp);
INSERT INTO loyalty_txn (loyalty_id, points_change, txn_type, txn_time) VALUES (83, 160, 'earn', '2026-05-01T05:42:13'::timestamp);
INSERT INTO loyalty_txn (loyalty_id, points_change, txn_type, txn_time) VALUES (83, 6, 'earn', '2026-05-03T15:47:57'::timestamp);
INSERT INTO loyalty_txn (loyalty_id, points_change, txn_type, txn_time) VALUES (83, 18, 'earn', '2026-05-03T12:51:11'::timestamp);
INSERT INTO loyalty_txn (loyalty_id, points_change, txn_type, txn_time) VALUES (83,  -66, 'redeem', '2026-05-03T01:54:11'::timestamp);
INSERT INTO loyalty_txn (loyalty_id, points_change, txn_type, txn_time) VALUES (84, 164, 'earn', '2026-05-02T01:11:46'::timestamp);
INSERT INTO loyalty_txn (loyalty_id, points_change, txn_type, txn_time) VALUES (84,  -50, 'redeem', '2026-05-01T20:27:24'::timestamp);
INSERT INTO loyalty_txn (loyalty_id, points_change, txn_type, txn_time) VALUES (84,  -60, 'redeem', '2026-05-02T16:00:22'::timestamp);
INSERT INTO loyalty_txn (loyalty_id, points_change, txn_type, txn_time) VALUES (84,  -85, 'redeem', '2026-05-03T00:28:13'::timestamp);
INSERT INTO loyalty_txn (loyalty_id, points_change, txn_type, txn_time) VALUES (85, 90, 'earn', '2026-05-03T11:58:15'::timestamp);
INSERT INTO loyalty_txn (loyalty_id, points_change, txn_type, txn_time) VALUES (85, 7, 'earn', '2026-05-01T09:26:31'::timestamp);
INSERT INTO loyalty_txn (loyalty_id, points_change, txn_type, txn_time) VALUES (86, 174, 'earn', '2026-05-03T08:36:09'::timestamp);
INSERT INTO loyalty_txn (loyalty_id, points_change, txn_type, txn_time) VALUES (86, 79, 'earn', '2026-05-03T15:06:57'::timestamp);
INSERT INTO loyalty_txn (loyalty_id, points_change, txn_type, txn_time) VALUES (86, 62, 'earn', '2026-05-03T10:21:37'::timestamp);
INSERT INTO loyalty_txn (loyalty_id, points_change, txn_type, txn_time) VALUES (86, 122, 'earn', '2026-05-03T18:27:53'::timestamp);
INSERT INTO loyalty_txn (loyalty_id, points_change, txn_type, txn_time) VALUES (87,  -30, 'redeem', '2026-05-01T03:21:10'::timestamp);
INSERT INTO loyalty_txn (loyalty_id, points_change, txn_type, txn_time) VALUES (87, 152, 'earn', '2026-05-01T08:38:59'::timestamp);
INSERT INTO loyalty_txn (loyalty_id, points_change, txn_type, txn_time) VALUES (88,  -24, 'redeem', '2026-05-02T00:11:47'::timestamp);
INSERT INTO loyalty_txn (loyalty_id, points_change, txn_type, txn_time) VALUES (88,  -47, 'redeem', '2026-05-02T16:43:47'::timestamp);
INSERT INTO loyalty_txn (loyalty_id, points_change, txn_type, txn_time) VALUES (88, 66, 'earn', '2026-05-01T00:18:11'::timestamp);
INSERT INTO loyalty_txn (loyalty_id, points_change, txn_type, txn_time) VALUES (89, 19, 'earn', '2026-05-03T12:43:15'::timestamp);
INSERT INTO loyalty_txn (loyalty_id, points_change, txn_type, txn_time) VALUES (89, 175, 'earn', '2026-05-02T07:42:03'::timestamp);
INSERT INTO loyalty_txn (loyalty_id, points_change, txn_type, txn_time) VALUES (89,  -69, 'redeem', '2026-05-02T15:35:07'::timestamp);
INSERT INTO loyalty_txn (loyalty_id, points_change, txn_type, txn_time) VALUES (89, 180, 'earn', '2026-05-02T05:19:29'::timestamp);
INSERT INTO loyalty_txn (loyalty_id, points_change, txn_type, txn_time) VALUES (90, 57, 'earn', '2026-05-01T07:57:47'::timestamp);
INSERT INTO loyalty_txn (loyalty_id, points_change, txn_type, txn_time) VALUES (90, 80, 'earn', '2026-05-01T09:16:17'::timestamp);
INSERT INTO loyalty_txn (loyalty_id, points_change, txn_type, txn_time) VALUES (90, 9, 'earn', '2026-05-03T02:06:13'::timestamp);
INSERT INTO loyalty_txn (loyalty_id, points_change, txn_type, txn_time) VALUES (90, 187, 'earn', '2026-05-03T18:12:31'::timestamp);
INSERT INTO loyalty_txn (loyalty_id, points_change, txn_type, txn_time) VALUES (90, 159, 'earn', '2026-05-01T19:28:45'::timestamp);
INSERT INTO loyalty_txn (loyalty_id, points_change, txn_type, txn_time) VALUES (91,  -11, 'redeem', '2026-05-01T00:57:50'::timestamp);
INSERT INTO loyalty_txn (loyalty_id, points_change, txn_type, txn_time) VALUES (91, 36, 'earn', '2026-05-02T21:13:15'::timestamp);
INSERT INTO loyalty_txn (loyalty_id, points_change, txn_type, txn_time) VALUES (92,  -2, 'redeem', '2026-05-02T04:24:44'::timestamp);
INSERT INTO loyalty_txn (loyalty_id, points_change, txn_type, txn_time) VALUES (92, 184, 'earn', '2026-05-03T08:09:16'::timestamp);
INSERT INTO loyalty_txn (loyalty_id, points_change, txn_type, txn_time) VALUES (92,  -81, 'redeem', '2026-05-03T01:24:52'::timestamp);
INSERT INTO loyalty_txn (loyalty_id, points_change, txn_type, txn_time) VALUES (92, 37, 'earn', '2026-05-01T05:01:00'::timestamp);
INSERT INTO loyalty_txn (loyalty_id, points_change, txn_type, txn_time) VALUES (92, 77, 'earn', '2026-05-02T02:47:27'::timestamp);
INSERT INTO loyalty_txn (loyalty_id, points_change, txn_type, txn_time) VALUES (93, 199, 'earn', '2026-05-01T07:45:58'::timestamp);
INSERT INTO loyalty_txn (loyalty_id, points_change, txn_type, txn_time) VALUES (93,  -91, 'redeem', '2026-05-02T13:29:58'::timestamp);
INSERT INTO loyalty_txn (loyalty_id, points_change, txn_type, txn_time) VALUES (94, 22, 'earn', '2026-05-02T17:04:39'::timestamp);
INSERT INTO loyalty_txn (loyalty_id, points_change, txn_type, txn_time) VALUES (94, 81, 'earn', '2026-05-03T17:45:57'::timestamp);
INSERT INTO loyalty_txn (loyalty_id, points_change, txn_type, txn_time) VALUES (94, 7, 'earn', '2026-05-02T23:05:09'::timestamp);
INSERT INTO loyalty_txn (loyalty_id, points_change, txn_type, txn_time) VALUES (94,  -79, 'redeem', '2026-05-03T09:14:03'::timestamp);
INSERT INTO loyalty_txn (loyalty_id, points_change, txn_type, txn_time) VALUES (94, 196, 'earn', '2026-05-02T18:00:35'::timestamp);
INSERT INTO loyalty_txn (loyalty_id, points_change, txn_type, txn_time) VALUES (95, 200, 'earn', '2026-05-02T07:36:13'::timestamp);
INSERT INTO loyalty_txn (loyalty_id, points_change, txn_type, txn_time) VALUES (95, 128, 'earn', '2026-05-01T11:41:32'::timestamp);
INSERT INTO loyalty_txn (loyalty_id, points_change, txn_type, txn_time) VALUES (95, 46, 'earn', '2026-05-03T12:19:29'::timestamp);
INSERT INTO loyalty_txn (loyalty_id, points_change, txn_type, txn_time) VALUES (95, 184, 'earn', '2026-05-02T01:43:19'::timestamp);
INSERT INTO loyalty_txn (loyalty_id, points_change, txn_type, txn_time) VALUES (96, 93, 'earn', '2026-05-03T00:57:13'::timestamp);
INSERT INTO loyalty_txn (loyalty_id, points_change, txn_type, txn_time) VALUES (96, 78, 'earn', '2026-05-02T19:14:53'::timestamp);
INSERT INTO loyalty_txn (loyalty_id, points_change, txn_type, txn_time) VALUES (96, 97, 'earn', '2026-05-02T20:39:27'::timestamp);
INSERT INTO loyalty_txn (loyalty_id, points_change, txn_type, txn_time) VALUES (96, 50, 'earn', '2026-05-02T08:10:57'::timestamp);
INSERT INTO loyalty_txn (loyalty_id, points_change, txn_type, txn_time) VALUES (97,  -66, 'redeem', '2026-05-02T00:01:40'::timestamp);
INSERT INTO loyalty_txn (loyalty_id, points_change, txn_type, txn_time) VALUES (97, 25, 'earn', '2026-05-02T23:38:24'::timestamp);
INSERT INTO loyalty_txn (loyalty_id, points_change, txn_type, txn_time) VALUES (97,  -91, 'redeem', '2026-05-01T21:40:34'::timestamp);
INSERT INTO loyalty_txn (loyalty_id, points_change, txn_type, txn_time) VALUES (98,  -49, 'redeem', '2026-05-03T05:20:39'::timestamp);
INSERT INTO loyalty_txn (loyalty_id, points_change, txn_type, txn_time) VALUES (98, 176, 'earn', '2026-05-02T20:41:21'::timestamp);
INSERT INTO loyalty_txn (loyalty_id, points_change, txn_type, txn_time) VALUES (98, 185, 'earn', '2026-05-02T02:20:47'::timestamp);
INSERT INTO loyalty_txn (loyalty_id, points_change, txn_type, txn_time) VALUES (98, 79, 'earn', '2026-05-02T10:05:16'::timestamp);
INSERT INTO loyalty_txn (loyalty_id, points_change, txn_type, txn_time) VALUES (99, 177, 'earn', '2026-05-01T09:06:45'::timestamp);
INSERT INTO loyalty_txn (loyalty_id, points_change, txn_type, txn_time) VALUES (99, 45, 'earn', '2026-05-01T14:41:38'::timestamp);
INSERT INTO loyalty_txn (loyalty_id, points_change, txn_type, txn_time) VALUES (99, 33, 'earn', '2026-05-01T08:15:06'::timestamp);
INSERT INTO loyalty_txn (loyalty_id, points_change, txn_type, txn_time) VALUES (99,  -87, 'redeem', '2026-05-03T12:54:19'::timestamp);
INSERT INTO loyalty_txn (loyalty_id, points_change, txn_type, txn_time) VALUES (100, 44, 'earn', '2026-05-03T09:50:30'::timestamp);
INSERT INTO loyalty_txn (loyalty_id, points_change, txn_type, txn_time) VALUES (100, 156, 'earn', '2026-05-01T12:17:41'::timestamp);
INSERT INTO loyalty_txn (loyalty_id, points_change, txn_type, txn_time) VALUES (100, 11, 'earn', '2026-05-01T21:14:01'::timestamp);
INSERT INTO loyalty_txn (loyalty_id, points_change, txn_type, txn_time) VALUES (100,  -37, 'redeem', '2026-05-03T04:21:37'::timestamp);
INSERT INTO loyalty_txn (loyalty_id, points_change, txn_type, txn_time) VALUES (101, 33, 'earn', '2026-05-02T14:34:20'::timestamp);
INSERT INTO loyalty_txn (loyalty_id, points_change, txn_type, txn_time) VALUES (101, 145, 'earn', '2026-05-03T08:11:18'::timestamp);
INSERT INTO loyalty_txn (loyalty_id, points_change, txn_type, txn_time) VALUES (101,  -18, 'redeem', '2026-05-01T21:33:44'::timestamp);
INSERT INTO loyalty_txn (loyalty_id, points_change, txn_type, txn_time) VALUES (101, 80, 'earn', '2026-05-02T10:39:18'::timestamp);
INSERT INTO loyalty_txn (loyalty_id, points_change, txn_type, txn_time) VALUES (101, 191, 'earn', '2026-05-02T23:21:55'::timestamp);
INSERT INTO loyalty_txn (loyalty_id, points_change, txn_type, txn_time) VALUES (102, 142, 'earn', '2026-05-03T12:32:47'::timestamp);
INSERT INTO loyalty_txn (loyalty_id, points_change, txn_type, txn_time) VALUES (102, 99, 'earn', '2026-05-03T16:58:16'::timestamp);
INSERT INTO loyalty_txn (loyalty_id, points_change, txn_type, txn_time) VALUES (102, 169, 'earn', '2026-05-01T00:14:23'::timestamp);
INSERT INTO loyalty_txn (loyalty_id, points_change, txn_type, txn_time) VALUES (103,  -69, 'redeem', '2026-05-02T20:03:15'::timestamp);
INSERT INTO loyalty_txn (loyalty_id, points_change, txn_type, txn_time) VALUES (103,  -56, 'redeem', '2026-05-02T01:58:19'::timestamp);
INSERT INTO loyalty_txn (loyalty_id, points_change, txn_type, txn_time) VALUES (103, 33, 'earn', '2026-05-03T13:09:50'::timestamp);
INSERT INTO loyalty_txn (loyalty_id, points_change, txn_type, txn_time) VALUES (103, 83, 'earn', '2026-05-03T14:11:39'::timestamp);
INSERT INTO loyalty_txn (loyalty_id, points_change, txn_type, txn_time) VALUES (104,  -18, 'redeem', '2026-05-01T02:25:59'::timestamp);
INSERT INTO loyalty_txn (loyalty_id, points_change, txn_type, txn_time) VALUES (104,  -59, 'redeem', '2026-05-01T22:53:33'::timestamp);
INSERT INTO loyalty_txn (loyalty_id, points_change, txn_type, txn_time) VALUES (104, 118, 'earn', '2026-05-01T02:10:06'::timestamp);
INSERT INTO loyalty_txn (loyalty_id, points_change, txn_type, txn_time) VALUES (105,  -40, 'redeem', '2026-05-01T03:52:25'::timestamp);
INSERT INTO loyalty_txn (loyalty_id, points_change, txn_type, txn_time) VALUES (105, 77, 'earn', '2026-05-01T02:53:54'::timestamp);
INSERT INTO loyalty_txn (loyalty_id, points_change, txn_type, txn_time) VALUES (105, 46, 'earn', '2026-05-01T20:16:36'::timestamp);
INSERT INTO loyalty_txn (loyalty_id, points_change, txn_type, txn_time) VALUES (105, 63, 'earn', '2026-05-02T00:52:31'::timestamp);
INSERT INTO loyalty_txn (loyalty_id, points_change, txn_type, txn_time) VALUES (106, 139, 'earn', '2026-05-03T01:25:47'::timestamp);
INSERT INTO loyalty_txn (loyalty_id, points_change, txn_type, txn_time) VALUES (106, 130, 'earn', '2026-05-03T07:42:38'::timestamp);
INSERT INTO loyalty_txn (loyalty_id, points_change, txn_type, txn_time) VALUES (107,  -98, 'redeem', '2026-05-01T10:52:48'::timestamp);
INSERT INTO loyalty_txn (loyalty_id, points_change, txn_type, txn_time) VALUES (107, 119, 'earn', '2026-05-02T15:03:36'::timestamp);
INSERT INTO loyalty_txn (loyalty_id, points_change, txn_type, txn_time) VALUES (107,  -22, 'redeem', '2026-05-01T14:54:03'::timestamp);
INSERT INTO loyalty_txn (loyalty_id, points_change, txn_type, txn_time) VALUES (108, 10, 'earn', '2026-05-02T15:19:54'::timestamp);
INSERT INTO loyalty_txn (loyalty_id, points_change, txn_type, txn_time) VALUES (108,  -90, 'redeem', '2026-05-01T02:46:52'::timestamp);
INSERT INTO loyalty_txn (loyalty_id, points_change, txn_type, txn_time) VALUES (108, 181, 'earn', '2026-05-02T00:26:57'::timestamp);
INSERT INTO loyalty_txn (loyalty_id, points_change, txn_type, txn_time) VALUES (108,  -5, 'redeem', '2026-05-02T18:49:22'::timestamp);
INSERT INTO loyalty_txn (loyalty_id, points_change, txn_type, txn_time) VALUES (108, 165, 'earn', '2026-05-01T08:58:57'::timestamp);
INSERT INTO loyalty_txn (loyalty_id, points_change, txn_type, txn_time) VALUES (109, 59, 'earn', '2026-05-01T03:31:37'::timestamp);
INSERT INTO loyalty_txn (loyalty_id, points_change, txn_type, txn_time) VALUES (109, 47, 'earn', '2026-05-02T06:48:42'::timestamp);
INSERT INTO loyalty_txn (loyalty_id, points_change, txn_type, txn_time) VALUES (109,  -52, 'redeem', '2026-05-01T03:49:50'::timestamp);
INSERT INTO loyalty_txn (loyalty_id, points_change, txn_type, txn_time) VALUES (109, 106, 'earn', '2026-05-01T03:41:05'::timestamp);
INSERT INTO loyalty_txn (loyalty_id, points_change, txn_type, txn_time) VALUES (109,  -62, 'redeem', '2026-05-01T06:57:28'::timestamp);
INSERT INTO loyalty_txn (loyalty_id, points_change, txn_type, txn_time) VALUES (110, 181, 'earn', '2026-05-03T04:49:54'::timestamp);
INSERT INTO loyalty_txn (loyalty_id, points_change, txn_type, txn_time) VALUES (110,  -100, 'redeem', '2026-05-01T19:43:56'::timestamp);
INSERT INTO loyalty_txn (loyalty_id, points_change, txn_type, txn_time) VALUES (110,  -94, 'redeem', '2026-05-02T14:48:41'::timestamp);
INSERT INTO loyalty_txn (loyalty_id, points_change, txn_type, txn_time) VALUES (110, 70, 'earn', '2026-05-03T03:59:54'::timestamp);
INSERT INTO loyalty_txn (loyalty_id, points_change, txn_type, txn_time) VALUES (110,  -82, 'redeem', '2026-05-01T23:58:07'::timestamp);
INSERT INTO loyalty_txn (loyalty_id, points_change, txn_type, txn_time) VALUES (111, 29, 'earn', '2026-05-01T21:02:02'::timestamp);
INSERT INTO loyalty_txn (loyalty_id, points_change, txn_type, txn_time) VALUES (111, 55, 'earn', '2026-05-03T00:58:50'::timestamp);
INSERT INTO loyalty_txn (loyalty_id, points_change, txn_type, txn_time) VALUES (111,  -13, 'redeem', '2026-05-02T08:47:25'::timestamp);
INSERT INTO loyalty_txn (loyalty_id, points_change, txn_type, txn_time) VALUES (112, 70, 'earn', '2026-05-01T20:39:32'::timestamp);
INSERT INTO loyalty_txn (loyalty_id, points_change, txn_type, txn_time) VALUES (112, 137, 'earn', '2026-05-02T03:48:35'::timestamp);
INSERT INTO loyalty_txn (loyalty_id, points_change, txn_type, txn_time) VALUES (112, 59, 'earn', '2026-05-03T14:24:22'::timestamp);
INSERT INTO loyalty_txn (loyalty_id, points_change, txn_type, txn_time) VALUES (112, 127, 'earn', '2026-05-03T11:18:37'::timestamp);
INSERT INTO loyalty_txn (loyalty_id, points_change, txn_type, txn_time) VALUES (113, 74, 'earn', '2026-05-01T19:59:54'::timestamp);
INSERT INTO loyalty_txn (loyalty_id, points_change, txn_type, txn_time) VALUES (113, 32, 'earn', '2026-05-02T19:26:05'::timestamp);
INSERT INTO loyalty_txn (loyalty_id, points_change, txn_type, txn_time) VALUES (113, 95, 'earn', '2026-05-01T19:40:03'::timestamp);
INSERT INTO loyalty_txn (loyalty_id, points_change, txn_type, txn_time) VALUES (114, 17, 'earn', '2026-05-02T10:58:18'::timestamp);
INSERT INTO loyalty_txn (loyalty_id, points_change, txn_type, txn_time) VALUES (114, 132, 'earn', '2026-05-02T19:42:38'::timestamp);
INSERT INTO loyalty_txn (loyalty_id, points_change, txn_type, txn_time) VALUES (114, 10, 'earn', '2026-05-03T00:19:30'::timestamp);
INSERT INTO loyalty_txn (loyalty_id, points_change, txn_type, txn_time) VALUES (114, 82, 'earn', '2026-05-01T04:39:01'::timestamp);
INSERT INTO loyalty_txn (loyalty_id, points_change, txn_type, txn_time) VALUES (115,  -96, 'redeem', '2026-05-01T22:37:21'::timestamp);
INSERT INTO loyalty_txn (loyalty_id, points_change, txn_type, txn_time) VALUES (115, 20, 'earn', '2026-05-03T08:46:14'::timestamp);
INSERT INTO loyalty_txn (loyalty_id, points_change, txn_type, txn_time) VALUES (115,  -45, 'redeem', '2026-05-02T19:16:24'::timestamp);
INSERT INTO loyalty_txn (loyalty_id, points_change, txn_type, txn_time) VALUES (115, 59, 'earn', '2026-05-01T07:02:37'::timestamp);
INSERT INTO loyalty_txn (loyalty_id, points_change, txn_type, txn_time) VALUES (115, 137, 'earn', '2026-05-02T22:59:45'::timestamp);
INSERT INTO loyalty_txn (loyalty_id, points_change, txn_type, txn_time) VALUES (116, 51, 'earn', '2026-05-03T06:44:21'::timestamp);
INSERT INTO loyalty_txn (loyalty_id, points_change, txn_type, txn_time) VALUES (116,  -74, 'redeem', '2026-05-01T21:34:43'::timestamp);
INSERT INTO loyalty_txn (loyalty_id, points_change, txn_type, txn_time) VALUES (116, 180, 'earn', '2026-05-02T15:56:26'::timestamp);
INSERT INTO loyalty_txn (loyalty_id, points_change, txn_type, txn_time) VALUES (117, 41, 'earn', '2026-05-02T09:10:32'::timestamp);
INSERT INTO loyalty_txn (loyalty_id, points_change, txn_type, txn_time) VALUES (117, 164, 'earn', '2026-05-02T19:03:22'::timestamp);
INSERT INTO loyalty_txn (loyalty_id, points_change, txn_type, txn_time) VALUES (118, 144, 'earn', '2026-05-01T02:36:08'::timestamp);
INSERT INTO loyalty_txn (loyalty_id, points_change, txn_type, txn_time) VALUES (118, 122, 'earn', '2026-05-03T06:15:08'::timestamp);
INSERT INTO loyalty_txn (loyalty_id, points_change, txn_type, txn_time) VALUES (119, 49, 'earn', '2026-05-01T19:25:28'::timestamp);
INSERT INTO loyalty_txn (loyalty_id, points_change, txn_type, txn_time) VALUES (119,  -62, 'redeem', '2026-05-01T17:17:23'::timestamp);
INSERT INTO loyalty_txn (loyalty_id, points_change, txn_type, txn_time) VALUES (120, 120, 'earn', '2026-05-02T11:46:25'::timestamp);
INSERT INTO loyalty_txn (loyalty_id, points_change, txn_type, txn_time) VALUES (120, 90, 'earn', '2026-05-02T14:13:01'::timestamp);
INSERT INTO loyalty_txn (loyalty_id, points_change, txn_type, txn_time) VALUES (120, 54, 'earn', '2026-05-02T21:41:27'::timestamp);
INSERT INTO loyalty_txn (loyalty_id, points_change, txn_type, txn_time) VALUES (120, 182, 'earn', '2026-05-03T15:58:19'::timestamp);
INSERT INTO loyalty_txn (loyalty_id, points_change, txn_type, txn_time) VALUES (121,  -44, 'redeem', '2026-05-02T21:19:43'::timestamp);
INSERT INTO loyalty_txn (loyalty_id, points_change, txn_type, txn_time) VALUES (121, 172, 'earn', '2026-05-01T18:55:11'::timestamp);
INSERT INTO loyalty_txn (loyalty_id, points_change, txn_type, txn_time) VALUES (121, 194, 'earn', '2026-05-03T06:37:59'::timestamp);
INSERT INTO loyalty_txn (loyalty_id, points_change, txn_type, txn_time) VALUES (121, 66, 'earn', '2026-05-03T10:57:09'::timestamp);
INSERT INTO loyalty_txn (loyalty_id, points_change, txn_type, txn_time) VALUES (121, 10, 'earn', '2026-05-02T18:33:14'::timestamp);
INSERT INTO loyalty_txn (loyalty_id, points_change, txn_type, txn_time) VALUES (122,  -2, 'redeem', '2026-05-02T09:39:59'::timestamp);
INSERT INTO loyalty_txn (loyalty_id, points_change, txn_type, txn_time) VALUES (122, 18, 'earn', '2026-05-03T09:23:41'::timestamp);
INSERT INTO loyalty_txn (loyalty_id, points_change, txn_type, txn_time) VALUES (123, 37, 'earn', '2026-05-02T14:25:03'::timestamp);
INSERT INTO loyalty_txn (loyalty_id, points_change, txn_type, txn_time) VALUES (123, 72, 'earn', '2026-05-02T13:05:29'::timestamp);
INSERT INTO loyalty_txn (loyalty_id, points_change, txn_type, txn_time) VALUES (124, 192, 'earn', '2026-05-01T07:23:38'::timestamp);
INSERT INTO loyalty_txn (loyalty_id, points_change, txn_type, txn_time) VALUES (124, 61, 'earn', '2026-05-01T00:35:56'::timestamp);
INSERT INTO loyalty_txn (loyalty_id, points_change, txn_type, txn_time) VALUES (125,  -14, 'redeem', '2026-05-01T22:21:50'::timestamp);
INSERT INTO loyalty_txn (loyalty_id, points_change, txn_type, txn_time) VALUES (125,  -57, 'redeem', '2026-05-03T17:28:55'::timestamp);
INSERT INTO loyalty_txn (loyalty_id, points_change, txn_type, txn_time) VALUES (125,  -35, 'redeem', '2026-05-02T21:31:30'::timestamp);
INSERT INTO loyalty_txn (loyalty_id, points_change, txn_type, txn_time) VALUES (126, 111, 'earn', '2026-05-01T21:16:59'::timestamp);
INSERT INTO loyalty_txn (loyalty_id, points_change, txn_type, txn_time) VALUES (126, 106, 'earn', '2026-05-01T00:33:03'::timestamp);
INSERT INTO loyalty_txn (loyalty_id, points_change, txn_type, txn_time) VALUES (126, 143, 'earn', '2026-05-01T10:55:12'::timestamp);
INSERT INTO loyalty_txn (loyalty_id, points_change, txn_type, txn_time) VALUES (126, 165, 'earn', '2026-05-03T11:27:22'::timestamp);
INSERT INTO loyalty_txn (loyalty_id, points_change, txn_type, txn_time) VALUES (126,  -7, 'redeem', '2026-05-01T23:03:44'::timestamp);
INSERT INTO loyalty_txn (loyalty_id, points_change, txn_type, txn_time) VALUES (127, 182, 'earn', '2026-05-02T21:20:56'::timestamp);
INSERT INTO loyalty_txn (loyalty_id, points_change, txn_type, txn_time) VALUES (127, 178, 'earn', '2026-05-03T10:21:10'::timestamp);
INSERT INTO loyalty_txn (loyalty_id, points_change, txn_type, txn_time) VALUES (127, 38, 'earn', '2026-05-03T12:13:42'::timestamp);
INSERT INTO loyalty_txn (loyalty_id, points_change, txn_type, txn_time) VALUES (127,  -16, 'redeem', '2026-05-01T14:21:26'::timestamp);
INSERT INTO loyalty_txn (loyalty_id, points_change, txn_type, txn_time) VALUES (127,  -41, 'redeem', '2026-05-01T16:06:00'::timestamp);
INSERT INTO loyalty_txn (loyalty_id, points_change, txn_type, txn_time) VALUES (128,  -47, 'redeem', '2026-05-02T04:25:22'::timestamp);
INSERT INTO loyalty_txn (loyalty_id, points_change, txn_type, txn_time) VALUES (128, 26, 'earn', '2026-05-02T07:54:59'::timestamp);
INSERT INTO loyalty_txn (loyalty_id, points_change, txn_type, txn_time) VALUES (128, 3, 'earn', '2026-05-02T01:11:53'::timestamp);
INSERT INTO loyalty_txn (loyalty_id, points_change, txn_type, txn_time) VALUES (128, 30, 'earn', '2026-05-01T23:41:39'::timestamp);
INSERT INTO loyalty_txn (loyalty_id, points_change, txn_type, txn_time) VALUES (128, 60, 'earn', '2026-05-02T23:58:40'::timestamp);
INSERT INTO loyalty_txn (loyalty_id, points_change, txn_type, txn_time) VALUES (129, 22, 'earn', '2026-05-03T08:13:36'::timestamp);
INSERT INTO loyalty_txn (loyalty_id, points_change, txn_type, txn_time) VALUES (129,  -99, 'redeem', '2026-05-01T15:53:05'::timestamp);
INSERT INTO loyalty_txn (loyalty_id, points_change, txn_type, txn_time) VALUES (130, 24, 'earn', '2026-05-01T07:47:34'::timestamp);
INSERT INTO loyalty_txn (loyalty_id, points_change, txn_type, txn_time) VALUES (130,  -10, 'redeem', '2026-05-01T21:12:11'::timestamp);
INSERT INTO loyalty_txn (loyalty_id, points_change, txn_type, txn_time) VALUES (130, 154, 'earn', '2026-05-01T06:09:38'::timestamp);
INSERT INTO loyalty_txn (loyalty_id, points_change, txn_type, txn_time) VALUES (131,  -20, 'redeem', '2026-05-01T14:30:11'::timestamp);
INSERT INTO loyalty_txn (loyalty_id, points_change, txn_type, txn_time) VALUES (131, 190, 'earn', '2026-05-02T21:57:11'::timestamp);
INSERT INTO loyalty_txn (loyalty_id, points_change, txn_type, txn_time) VALUES (131, 199, 'earn', '2026-05-03T18:18:45'::timestamp);
INSERT INTO loyalty_txn (loyalty_id, points_change, txn_type, txn_time) VALUES (131,  -71, 'redeem', '2026-05-02T03:54:34'::timestamp);
INSERT INTO loyalty_txn (loyalty_id, points_change, txn_type, txn_time) VALUES (131,  -58, 'redeem', '2026-05-03T10:33:37'::timestamp);
INSERT INTO loyalty_txn (loyalty_id, points_change, txn_type, txn_time) VALUES (132,  -11, 'redeem', '2026-05-03T15:05:00'::timestamp);
INSERT INTO loyalty_txn (loyalty_id, points_change, txn_type, txn_time) VALUES (132, 180, 'earn', '2026-05-03T03:36:14'::timestamp);
INSERT INTO loyalty_txn (loyalty_id, points_change, txn_type, txn_time) VALUES (133, 132, 'earn', '2026-05-02T09:20:40'::timestamp);
INSERT INTO loyalty_txn (loyalty_id, points_change, txn_type, txn_time) VALUES (133, 139, 'earn', '2026-05-02T00:28:24'::timestamp);
INSERT INTO loyalty_txn (loyalty_id, points_change, txn_type, txn_time) VALUES (134, 167, 'earn', '2026-05-02T01:40:00'::timestamp);
INSERT INTO loyalty_txn (loyalty_id, points_change, txn_type, txn_time) VALUES (134, 18, 'earn', '2026-05-03T06:02:43'::timestamp);
INSERT INTO loyalty_txn (loyalty_id, points_change, txn_type, txn_time) VALUES (134,  -51, 'redeem', '2026-05-02T18:54:29'::timestamp);
INSERT INTO loyalty_txn (loyalty_id, points_change, txn_type, txn_time) VALUES (135, 43, 'earn', '2026-05-01T18:49:11'::timestamp);
INSERT INTO loyalty_txn (loyalty_id, points_change, txn_type, txn_time) VALUES (135, 56, 'earn', '2026-05-02T16:49:27'::timestamp);
INSERT INTO loyalty_txn (loyalty_id, points_change, txn_type, txn_time) VALUES (135, 60, 'earn', '2026-05-03T11:07:27'::timestamp);
INSERT INTO loyalty_txn (loyalty_id, points_change, txn_type, txn_time) VALUES (136, 132, 'earn', '2026-05-02T07:13:23'::timestamp);
INSERT INTO loyalty_txn (loyalty_id, points_change, txn_type, txn_time) VALUES (136,  -63, 'redeem', '2026-05-03T14:43:39'::timestamp);
INSERT INTO loyalty_txn (loyalty_id, points_change, txn_type, txn_time) VALUES (136, 139, 'earn', '2026-05-03T13:02:55'::timestamp);
INSERT INTO loyalty_txn (loyalty_id, points_change, txn_type, txn_time) VALUES (137, 76, 'earn', '2026-05-01T20:43:58'::timestamp);
INSERT INTO loyalty_txn (loyalty_id, points_change, txn_type, txn_time) VALUES (137, 88, 'earn', '2026-05-01T06:25:07'::timestamp);
INSERT INTO loyalty_txn (loyalty_id, points_change, txn_type, txn_time) VALUES (137,  -73, 'redeem', '2026-05-02T04:38:22'::timestamp);
INSERT INTO loyalty_txn (loyalty_id, points_change, txn_type, txn_time) VALUES (137, 10, 'earn', '2026-05-02T10:05:32'::timestamp);
INSERT INTO loyalty_txn (loyalty_id, points_change, txn_type, txn_time) VALUES (137,  -83, 'redeem', '2026-05-03T05:41:19'::timestamp);
INSERT INTO loyalty_txn (loyalty_id, points_change, txn_type, txn_time) VALUES (138, 142, 'earn', '2026-05-03T08:12:29'::timestamp);
INSERT INTO loyalty_txn (loyalty_id, points_change, txn_type, txn_time) VALUES (138, 59, 'earn', '2026-05-01T09:47:12'::timestamp);
INSERT INTO loyalty_txn (loyalty_id, points_change, txn_type, txn_time) VALUES (139, 49, 'earn', '2026-05-03T08:57:54'::timestamp);
INSERT INTO loyalty_txn (loyalty_id, points_change, txn_type, txn_time) VALUES (139,  -58, 'redeem', '2026-05-03T15:00:10'::timestamp);
INSERT INTO loyalty_txn (loyalty_id, points_change, txn_type, txn_time) VALUES (140,  -59, 'redeem', '2026-05-01T05:31:14'::timestamp);
INSERT INTO loyalty_txn (loyalty_id, points_change, txn_type, txn_time) VALUES (140, 166, 'earn', '2026-05-02T11:30:17'::timestamp);
INSERT INTO loyalty_txn (loyalty_id, points_change, txn_type, txn_time) VALUES (141, 126, 'earn', '2026-05-03T06:42:25'::timestamp);
INSERT INTO loyalty_txn (loyalty_id, points_change, txn_type, txn_time) VALUES (141, 35, 'earn', '2026-05-03T05:24:00'::timestamp);
INSERT INTO loyalty_txn (loyalty_id, points_change, txn_type, txn_time) VALUES (141,  -43, 'redeem', '2026-05-03T05:49:09'::timestamp);
INSERT INTO loyalty_txn (loyalty_id, points_change, txn_type, txn_time) VALUES (141, 75, 'earn', '2026-05-02T14:23:07'::timestamp);
INSERT INTO loyalty_txn (loyalty_id, points_change, txn_type, txn_time) VALUES (141, 99, 'earn', '2026-05-01T11:54:45'::timestamp);
INSERT INTO loyalty_txn (loyalty_id, points_change, txn_type, txn_time) VALUES (142, 53, 'earn', '2026-05-01T08:51:07'::timestamp);
INSERT INTO loyalty_txn (loyalty_id, points_change, txn_type, txn_time) VALUES (142, 116, 'earn', '2026-05-03T02:29:06'::timestamp);
INSERT INTO loyalty_txn (loyalty_id, points_change, txn_type, txn_time) VALUES (142, 135, 'earn', '2026-05-03T12:27:06'::timestamp);
INSERT INTO loyalty_txn (loyalty_id, points_change, txn_type, txn_time) VALUES (142, 171, 'earn', '2026-05-01T04:13:26'::timestamp);
INSERT INTO loyalty_txn (loyalty_id, points_change, txn_type, txn_time) VALUES (142, 124, 'earn', '2026-05-03T07:38:01'::timestamp);
INSERT INTO loyalty_txn (loyalty_id, points_change, txn_type, txn_time) VALUES (143,  -22, 'redeem', '2026-05-01T16:36:46'::timestamp);
INSERT INTO loyalty_txn (loyalty_id, points_change, txn_type, txn_time) VALUES (143, 21, 'earn', '2026-05-01T09:16:16'::timestamp);
INSERT INTO loyalty_txn (loyalty_id, points_change, txn_type, txn_time) VALUES (144, 7, 'earn', '2026-05-02T10:39:06'::timestamp);
INSERT INTO loyalty_txn (loyalty_id, points_change, txn_type, txn_time) VALUES (144, 40, 'earn', '2026-05-01T09:23:44'::timestamp);
INSERT INTO loyalty_txn (loyalty_id, points_change, txn_type, txn_time) VALUES (144, 100, 'earn', '2026-05-01T08:53:47'::timestamp);
INSERT INTO loyalty_txn (loyalty_id, points_change, txn_type, txn_time) VALUES (145, 76, 'earn', '2026-05-01T17:46:29'::timestamp);
INSERT INTO loyalty_txn (loyalty_id, points_change, txn_type, txn_time) VALUES (145,  -47, 'redeem', '2026-05-02T10:54:13'::timestamp);
INSERT INTO loyalty_txn (loyalty_id, points_change, txn_type, txn_time) VALUES (145, 118, 'earn', '2026-05-01T02:22:01'::timestamp);
INSERT INTO loyalty_txn (loyalty_id, points_change, txn_type, txn_time) VALUES (146,  -34, 'redeem', '2026-05-02T01:05:38'::timestamp);
INSERT INTO loyalty_txn (loyalty_id, points_change, txn_type, txn_time) VALUES (146,  -41, 'redeem', '2026-05-03T18:24:11'::timestamp);
INSERT INTO loyalty_txn (loyalty_id, points_change, txn_type, txn_time) VALUES (146,  -69, 'redeem', '2026-05-01T08:20:51'::timestamp);
INSERT INTO loyalty_txn (loyalty_id, points_change, txn_type, txn_time) VALUES (146, 148, 'earn', '2026-05-02T21:11:24'::timestamp);
INSERT INTO loyalty_txn (loyalty_id, points_change, txn_type, txn_time) VALUES (146, 118, 'earn', '2026-05-03T16:12:43'::timestamp);
INSERT INTO loyalty_txn (loyalty_id, points_change, txn_type, txn_time) VALUES (147, 189, 'earn', '2026-05-03T07:53:28'::timestamp);
INSERT INTO loyalty_txn (loyalty_id, points_change, txn_type, txn_time) VALUES (147,  -73, 'redeem', '2026-05-03T03:26:21'::timestamp);
INSERT INTO loyalty_txn (loyalty_id, points_change, txn_type, txn_time) VALUES (147, 159, 'earn', '2026-05-01T04:58:08'::timestamp);
INSERT INTO loyalty_txn (loyalty_id, points_change, txn_type, txn_time) VALUES (148, 161, 'earn', '2026-05-01T11:00:40'::timestamp);
INSERT INTO loyalty_txn (loyalty_id, points_change, txn_type, txn_time) VALUES (148,  -41, 'redeem', '2026-05-02T06:06:58'::timestamp);
INSERT INTO loyalty_txn (loyalty_id, points_change, txn_type, txn_time) VALUES (148,  -60, 'redeem', '2026-05-01T14:52:50'::timestamp);
INSERT INTO loyalty_txn (loyalty_id, points_change, txn_type, txn_time) VALUES (148, 168, 'earn', '2026-05-03T16:40:49'::timestamp);
INSERT INTO loyalty_txn (loyalty_id, points_change, txn_type, txn_time) VALUES (148,  -1, 'redeem', '2026-05-01T11:54:49'::timestamp);
INSERT INTO loyalty_txn (loyalty_id, points_change, txn_type, txn_time) VALUES (149, 72, 'earn', '2026-05-01T10:25:02'::timestamp);
INSERT INTO loyalty_txn (loyalty_id, points_change, txn_type, txn_time) VALUES (149, 119, 'earn', '2026-05-02T06:05:54'::timestamp);
INSERT INTO loyalty_txn (loyalty_id, points_change, txn_type, txn_time) VALUES (149, 15, 'earn', '2026-05-02T18:59:38'::timestamp);
INSERT INTO loyalty_txn (loyalty_id, points_change, txn_type, txn_time) VALUES (149, 130, 'earn', '2026-05-01T05:07:38'::timestamp);
INSERT INTO loyalty_txn (loyalty_id, points_change, txn_type, txn_time) VALUES (150, 158, 'earn', '2026-05-03T02:36:30'::timestamp);
INSERT INTO loyalty_txn (loyalty_id, points_change, txn_type, txn_time) VALUES (150, 177, 'earn', '2026-05-01T13:02:49'::timestamp);

-- ORDER_DISCOUNTS
INSERT INTO order_discounts (order_id, discount_id) VALUES (257, 17);
INSERT INTO order_discounts (order_id, discount_id) VALUES (257, 16);
INSERT INTO order_discounts (order_id, discount_id) VALUES (263, 17);
INSERT INTO order_discounts (order_id, discount_id) VALUES (266, 16);
INSERT INTO order_discounts (order_id, discount_id) VALUES (267, 18);
INSERT INTO order_discounts (order_id, discount_id) VALUES (274, 17);
INSERT INTO order_discounts (order_id, discount_id) VALUES (274, 16);
INSERT INTO order_discounts (order_id, discount_id) VALUES (275, 17);
INSERT INTO order_discounts (order_id, discount_id) VALUES (276, 16);
INSERT INTO order_discounts (order_id, discount_id) VALUES (277, 16);
INSERT INTO order_discounts (order_id, discount_id) VALUES (280, 17);
INSERT INTO order_discounts (order_id, discount_id) VALUES (280, 18);
INSERT INTO order_discounts (order_id, discount_id) VALUES (285, 16);
INSERT INTO order_discounts (order_id, discount_id) VALUES (285, 18);
INSERT INTO order_discounts (order_id, discount_id) VALUES (287, 17);
INSERT INTO order_discounts (order_id, discount_id) VALUES (287, 16);
INSERT INTO order_discounts (order_id, discount_id) VALUES (289, 17);
INSERT INTO order_discounts (order_id, discount_id) VALUES (289, 18);
INSERT INTO order_discounts (order_id, discount_id) VALUES (293, 18);
INSERT INTO order_discounts (order_id, discount_id) VALUES (293, 16);
INSERT INTO order_discounts (order_id, discount_id) VALUES (294, 17);
INSERT INTO order_discounts (order_id, discount_id) VALUES (294, 18);
INSERT INTO order_discounts (order_id, discount_id) VALUES (302, 17);

-- ORDER_ITEMS
INSERT INTO order_items (order_id, menu_item_id, quantity, unit_price) VALUES (256, 72, 2, 26.22);
INSERT INTO order_items (order_id, menu_item_id, quantity, unit_price) VALUES (256, 124, 1, 8.38);
INSERT INTO order_items (order_id, menu_item_id, quantity, unit_price) VALUES (256, 90, 2, 14.8);
INSERT INTO order_items (order_id, menu_item_id, quantity, unit_price) VALUES (256, 217, 2, 14.85);
INSERT INTO order_items (order_id, menu_item_id, quantity, unit_price) VALUES (257, 177, 1, 28.66);
INSERT INTO order_items (order_id, menu_item_id, quantity, unit_price) VALUES (257, 94, 2, 15.67);
INSERT INTO order_items (order_id, menu_item_id, quantity, unit_price) VALUES (257, 133, 1, 8.07);
INSERT INTO order_items (order_id, menu_item_id, quantity, unit_price) VALUES (257, 61, 2, 23.99);
INSERT INTO order_items (order_id, menu_item_id, quantity, unit_price) VALUES (258, 70, 1, 22.86);
INSERT INTO order_items (order_id, menu_item_id, quantity, unit_price) VALUES (259, 146, 3, 12.87);
INSERT INTO order_items (order_id, menu_item_id, quantity, unit_price) VALUES (259, 105, 3, 11.92);
INSERT INTO order_items (order_id, menu_item_id, quantity, unit_price) VALUES (259, 199, 3, 23.7);
INSERT INTO order_items (order_id, menu_item_id, quantity, unit_price) VALUES (260, 195, 3, 6.19);
INSERT INTO order_items (order_id, menu_item_id, quantity, unit_price) VALUES (260, 121, 2, 17.09);
INSERT INTO order_items (order_id, menu_item_id, quantity, unit_price) VALUES (261, 167, 3, 14.5);
INSERT INTO order_items (order_id, menu_item_id, quantity, unit_price) VALUES (261, 124, 2, 20.33);
INSERT INTO order_items (order_id, menu_item_id, quantity, unit_price) VALUES (262, 103, 2, 6.34);
INSERT INTO order_items (order_id, menu_item_id, quantity, unit_price) VALUES (263, 172, 1, 19.47);
INSERT INTO order_items (order_id, menu_item_id, quantity, unit_price) VALUES (263, 41, 1, 27.81);
INSERT INTO order_items (order_id, menu_item_id, quantity, unit_price) VALUES (263, 131, 3, 16.02);
INSERT INTO order_items (order_id, menu_item_id, quantity, unit_price) VALUES (263, 174, 3, 22.57);
INSERT INTO order_items (order_id, menu_item_id, quantity, unit_price) VALUES (263, 155, 3, 25.82);
INSERT INTO order_items (order_id, menu_item_id, quantity, unit_price) VALUES (264, 157, 3, 14.71);
INSERT INTO order_items (order_id, menu_item_id, quantity, unit_price) VALUES (264, 181, 3, 6.33);
INSERT INTO order_items (order_id, menu_item_id, quantity, unit_price) VALUES (264, 191, 2, 23.7);
INSERT INTO order_items (order_id, menu_item_id, quantity, unit_price) VALUES (264, 25, 1, 15.05);
INSERT INTO order_items (order_id, menu_item_id, quantity, unit_price) VALUES (265, 190, 1, 17.35);
INSERT INTO order_items (order_id, menu_item_id, quantity, unit_price) VALUES (266, 132, 3, 22.47);
INSERT INTO order_items (order_id, menu_item_id, quantity, unit_price) VALUES (266, 23, 1, 21.6);
INSERT INTO order_items (order_id, menu_item_id, quantity, unit_price) VALUES (266, 80, 1, 10.65);
INSERT INTO order_items (order_id, menu_item_id, quantity, unit_price) VALUES (267, 30, 3, 6.4);
INSERT INTO order_items (order_id, menu_item_id, quantity, unit_price) VALUES (267, 90, 1, 14.48);
INSERT INTO order_items (order_id, menu_item_id, quantity, unit_price) VALUES (267, 120, 2, 27.17);
INSERT INTO order_items (order_id, menu_item_id, quantity, unit_price) VALUES (267, 45, 3, 13.1);
INSERT INTO order_items (order_id, menu_item_id, quantity, unit_price) VALUES (268, 8, 1, 6.43);
INSERT INTO order_items (order_id, menu_item_id, quantity, unit_price) VALUES (269, 168, 2, 21.8);
INSERT INTO order_items (order_id, menu_item_id, quantity, unit_price) VALUES (269, 56, 3, 24.64);
INSERT INTO order_items (order_id, menu_item_id, quantity, unit_price) VALUES (269, 112, 3, 8.31);
INSERT INTO order_items (order_id, menu_item_id, quantity, unit_price) VALUES (269, 155, 3, 17.32);
INSERT INTO order_items (order_id, menu_item_id, quantity, unit_price) VALUES (270, 185, 1, 28.04);
INSERT INTO order_items (order_id, menu_item_id, quantity, unit_price) VALUES (271, 113, 2, 17.38);
INSERT INTO order_items (order_id, menu_item_id, quantity, unit_price) VALUES (271, 190, 1, 23.11);
INSERT INTO order_items (order_id, menu_item_id, quantity, unit_price) VALUES (272, 81, 2, 16.34);
INSERT INTO order_items (order_id, menu_item_id, quantity, unit_price) VALUES (272, 131, 2, 19.4);
INSERT INTO order_items (order_id, menu_item_id, quantity, unit_price) VALUES (272, 61, 1, 12.07);
INSERT INTO order_items (order_id, menu_item_id, quantity, unit_price) VALUES (272, 146, 2, 28.91);
INSERT INTO order_items (order_id, menu_item_id, quantity, unit_price) VALUES (273, 163, 3, 9.2);
INSERT INTO order_items (order_id, menu_item_id, quantity, unit_price) VALUES (273, 183, 3, 20.38);
INSERT INTO order_items (order_id, menu_item_id, quantity, unit_price) VALUES (274, 30, 3, 22.24);
INSERT INTO order_items (order_id, menu_item_id, quantity, unit_price) VALUES (275, 214, 1, 18.62);
INSERT INTO order_items (order_id, menu_item_id, quantity, unit_price) VALUES (275, 61, 3, 15.39);
INSERT INTO order_items (order_id, menu_item_id, quantity, unit_price) VALUES (275, 134, 1, 27.19);
INSERT INTO order_items (order_id, menu_item_id, quantity, unit_price) VALUES (275, 39, 3, 22.34);
INSERT INTO order_items (order_id, menu_item_id, quantity, unit_price) VALUES (275, 56, 1, 7.91);
INSERT INTO order_items (order_id, menu_item_id, quantity, unit_price) VALUES (276, 21, 1, 8.38);
INSERT INTO order_items (order_id, menu_item_id, quantity, unit_price) VALUES (276, 182, 1, 25.24);
INSERT INTO order_items (order_id, menu_item_id, quantity, unit_price) VALUES (277, 12, 3, 7.16);
INSERT INTO order_items (order_id, menu_item_id, quantity, unit_price) VALUES (277, 79, 2, 26.09);
INSERT INTO order_items (order_id, menu_item_id, quantity, unit_price) VALUES (278, 112, 1, 24.39);
INSERT INTO order_items (order_id, menu_item_id, quantity, unit_price) VALUES (279, 25, 3, 21.43);
INSERT INTO order_items (order_id, menu_item_id, quantity, unit_price) VALUES (279, 49, 2, 21.83);
INSERT INTO order_items (order_id, menu_item_id, quantity, unit_price) VALUES (279, 172, 3, 22.69);
INSERT INTO order_items (order_id, menu_item_id, quantity, unit_price) VALUES (280, 23, 3, 16.03);
INSERT INTO order_items (order_id, menu_item_id, quantity, unit_price) VALUES (280, 33, 1, 19.01);
INSERT INTO order_items (order_id, menu_item_id, quantity, unit_price) VALUES (280, 167, 2, 26.1);
INSERT INTO order_items (order_id, menu_item_id, quantity, unit_price) VALUES (281, 85, 1, 17.89);
INSERT INTO order_items (order_id, menu_item_id, quantity, unit_price) VALUES (282, 43, 2, 24.98);
INSERT INTO order_items (order_id, menu_item_id, quantity, unit_price) VALUES (283, 22, 3, 12.66);
INSERT INTO order_items (order_id, menu_item_id, quantity, unit_price) VALUES (283, 75, 3, 29.55);
INSERT INTO order_items (order_id, menu_item_id, quantity, unit_price) VALUES (284, 95, 1, 22.75);
INSERT INTO order_items (order_id, menu_item_id, quantity, unit_price) VALUES (284, 119, 2, 10.44);
INSERT INTO order_items (order_id, menu_item_id, quantity, unit_price) VALUES (284, 133, 2, 21.96);
INSERT INTO order_items (order_id, menu_item_id, quantity, unit_price) VALUES (284, 145, 2, 27.53);
INSERT INTO order_items (order_id, menu_item_id, quantity, unit_price) VALUES (285, 175, 3, 7.01);
INSERT INTO order_items (order_id, menu_item_id, quantity, unit_price) VALUES (285, 194, 3, 6.5);
INSERT INTO order_items (order_id, menu_item_id, quantity, unit_price) VALUES (285, 57, 1, 28.64);
INSERT INTO order_items (order_id, menu_item_id, quantity, unit_price) VALUES (286, 43, 3, 6.12);
INSERT INTO order_items (order_id, menu_item_id, quantity, unit_price) VALUES (286, 142, 3, 18.26);
INSERT INTO order_items (order_id, menu_item_id, quantity, unit_price) VALUES (287, 75, 3, 13.59);
INSERT INTO order_items (order_id, menu_item_id, quantity, unit_price) VALUES (287, 53, 1, 14.44);
INSERT INTO order_items (order_id, menu_item_id, quantity, unit_price) VALUES (287, 12, 3, 10.2);
INSERT INTO order_items (order_id, menu_item_id, quantity, unit_price) VALUES (287, 6, 1, 15.47);
INSERT INTO order_items (order_id, menu_item_id, quantity, unit_price) VALUES (287, 146, 3, 17.34);
INSERT INTO order_items (order_id, menu_item_id, quantity, unit_price) VALUES (288, 70, 1, 19.76);
INSERT INTO order_items (order_id, menu_item_id, quantity, unit_price) VALUES (288, 109, 3, 9.37);
INSERT INTO order_items (order_id, menu_item_id, quantity, unit_price) VALUES (288, 141, 1, 24.46);
INSERT INTO order_items (order_id, menu_item_id, quantity, unit_price) VALUES (288, 75, 1, 26.34);
INSERT INTO order_items (order_id, menu_item_id, quantity, unit_price) VALUES (288, 205, 3, 11.55);
INSERT INTO order_items (order_id, menu_item_id, quantity, unit_price) VALUES (289, 188, 2, 10.7);
INSERT INTO order_items (order_id, menu_item_id, quantity, unit_price) VALUES (290, 56, 1, 6.92);
INSERT INTO order_items (order_id, menu_item_id, quantity, unit_price) VALUES (290, 61, 2, 29.0);
INSERT INTO order_items (order_id, menu_item_id, quantity, unit_price) VALUES (290, 8, 3, 25.1);
INSERT INTO order_items (order_id, menu_item_id, quantity, unit_price) VALUES (290, 168, 1, 6.69);
INSERT INTO order_items (order_id, menu_item_id, quantity, unit_price) VALUES (290, 78, 3, 6.57);
INSERT INTO order_items (order_id, menu_item_id, quantity, unit_price) VALUES (291, 162, 3, 20.85);
INSERT INTO order_items (order_id, menu_item_id, quantity, unit_price) VALUES (291, 167, 1, 20.12);
INSERT INTO order_items (order_id, menu_item_id, quantity, unit_price) VALUES (291, 27, 1, 21.95);
INSERT INTO order_items (order_id, menu_item_id, quantity, unit_price) VALUES (292, 180, 2, 10.34);
INSERT INTO order_items (order_id, menu_item_id, quantity, unit_price) VALUES (293, 102, 1, 28.53);
INSERT INTO order_items (order_id, menu_item_id, quantity, unit_price) VALUES (293, 154, 1, 9.17);
INSERT INTO order_items (order_id, menu_item_id, quantity, unit_price) VALUES (293, 63, 3, 21.0);
INSERT INTO order_items (order_id, menu_item_id, quantity, unit_price) VALUES (293, 139, 3, 9.61);
INSERT INTO order_items (order_id, menu_item_id, quantity, unit_price) VALUES (293, 230, 2, 10.95);
INSERT INTO order_items (order_id, menu_item_id, quantity, unit_price) VALUES (294, 83, 1, 20.44);
INSERT INTO order_items (order_id, menu_item_id, quantity, unit_price) VALUES (294, 44, 2, 21.37);
INSERT INTO order_items (order_id, menu_item_id, quantity, unit_price) VALUES (295, 31, 2, 21.3);
INSERT INTO order_items (order_id, menu_item_id, quantity, unit_price) VALUES (295, 127, 2, 14.48);
INSERT INTO order_items (order_id, menu_item_id, quantity, unit_price) VALUES (295, 200, 2, 10.26);
INSERT INTO order_items (order_id, menu_item_id, quantity, unit_price) VALUES (295, 218, 3, 28.86);
INSERT INTO order_items (order_id, menu_item_id, quantity, unit_price) VALUES (295, 172, 1, 25.22);
INSERT INTO order_items (order_id, menu_item_id, quantity, unit_price) VALUES (296, 27, 3, 27.36);
INSERT INTO order_items (order_id, menu_item_id, quantity, unit_price) VALUES (296, 161, 1, 28.29);
INSERT INTO order_items (order_id, menu_item_id, quantity, unit_price) VALUES (297, 149, 2, 21.68);
INSERT INTO order_items (order_id, menu_item_id, quantity, unit_price) VALUES (297, 207, 3, 6.77);
INSERT INTO order_items (order_id, menu_item_id, quantity, unit_price) VALUES (298, 38, 2, 26.22);
INSERT INTO order_items (order_id, menu_item_id, quantity, unit_price) VALUES (298, 94, 1, 9.8);
INSERT INTO order_items (order_id, menu_item_id, quantity, unit_price) VALUES (298, 169, 1, 17.23);
INSERT INTO order_items (order_id, menu_item_id, quantity, unit_price) VALUES (299, 167, 1, 20.68);
INSERT INTO order_items (order_id, menu_item_id, quantity, unit_price) VALUES (299, 122, 3, 28.92);
INSERT INTO order_items (order_id, menu_item_id, quantity, unit_price) VALUES (299, 232, 1, 25.04);
INSERT INTO order_items (order_id, menu_item_id, quantity, unit_price) VALUES (299, 15, 2, 15.82);
INSERT INTO order_items (order_id, menu_item_id, quantity, unit_price) VALUES (299, 86, 3, 13.47);
INSERT INTO order_items (order_id, menu_item_id, quantity, unit_price) VALUES (300, 121, 1, 7.57);
INSERT INTO order_items (order_id, menu_item_id, quantity, unit_price) VALUES (300, 212, 3, 15.69);
INSERT INTO order_items (order_id, menu_item_id, quantity, unit_price) VALUES (300, 226, 3, 20.89);
INSERT INTO order_items (order_id, menu_item_id, quantity, unit_price) VALUES (300, 204, 2, 15.11);
INSERT INTO order_items (order_id, menu_item_id, quantity, unit_price) VALUES (300, 214, 2, 10.67);
INSERT INTO order_items (order_id, menu_item_id, quantity, unit_price) VALUES (301, 184, 3, 26.98);
INSERT INTO order_items (order_id, menu_item_id, quantity, unit_price) VALUES (302, 139, 2, 17.39);
INSERT INTO order_items (order_id, menu_item_id, quantity, unit_price) VALUES (302, 151, 1, 23.67);
INSERT INTO order_items (order_id, menu_item_id, quantity, unit_price) VALUES (302, 183, 1, 9.05);
INSERT INTO order_items (order_id, menu_item_id, quantity, unit_price) VALUES (303, 63, 1, 18.69);
INSERT INTO order_items (order_id, menu_item_id, quantity, unit_price) VALUES (303, 196, 3, 26.06);
INSERT INTO order_items (order_id, menu_item_id, quantity, unit_price) VALUES (303, 154, 3, 11.63);
INSERT INTO order_items (order_id, menu_item_id, quantity, unit_price) VALUES (303, 221, 1, 26.93);
INSERT INTO order_items (order_id, menu_item_id, quantity, unit_price) VALUES (304, 87, 1, 26.16);
INSERT INTO order_items (order_id, menu_item_id, quantity, unit_price) VALUES (304, 23, 3, 20.39);
INSERT INTO order_items (order_id, menu_item_id, quantity, unit_price) VALUES (304, 195, 1, 9.29);
INSERT INTO order_items (order_id, menu_item_id, quantity, unit_price) VALUES (304, 100, 2, 21.67);
INSERT INTO order_items (order_id, menu_item_id, quantity, unit_price) VALUES (304, 53, 3, 8.05);
INSERT INTO order_items (order_id, menu_item_id, quantity, unit_price) VALUES (305, 203, 1, 14.12);
INSERT INTO order_items (order_id, menu_item_id, quantity, unit_price) VALUES (305, 158, 3, 24.19);
INSERT INTO order_items (order_id, menu_item_id, quantity, unit_price) VALUES (305, 134, 1, 23.76);
INSERT INTO order_items (order_id, menu_item_id, quantity, unit_price) VALUES (305, 137, 3, 24.2);

-- ORDERS
INSERT INTO orders (location_id, customer_id, employee_id, table_id, order_time, total_amount, tax_amount, tip_amount, status) VALUES (13, 54, 42, 142, '2026-05-03T11:10:46'::timestamp, 40.98, 3.28, 3.78, 'open') RETURNING id;
INSERT INTO orders (location_id, customer_id, employee_id, table_id, order_time, total_amount, tax_amount, tip_amount, status) VALUES (2, 41, 51, 4, '2026-05-01T18:44:39'::timestamp, 114.69, 9.18, 14.14, 'cancelled') RETURNING id;
INSERT INTO orders (location_id, customer_id, employee_id, table_id, order_time, total_amount, tax_amount, tip_amount, status) VALUES (5, 40, 5, NULL, '2026-05-01T04:43:41'::timestamp, 144.8, 11.58, 13.72, 'open') RETURNING id;
INSERT INTO orders (location_id, customer_id, employee_id, table_id, order_time, total_amount, tax_amount, tip_amount, status) VALUES (12, NULL, 27, NULL, '2026-05-01T01:23:36'::timestamp, 95.87, 7.67, 12.32, 'cancelled') RETURNING id;
INSERT INTO orders (location_id, customer_id, employee_id, table_id, order_time, total_amount, tax_amount, tip_amount, status) VALUES (6, 82, 26, NULL, '2026-05-01T22:30:36'::timestamp, 36.16, 2.89, 7.04, 'open') RETURNING id;
INSERT INTO orders (location_id, customer_id, employee_id, table_id, order_time, total_amount, tax_amount, tip_amount, status) VALUES (4, 109, 48, 81, '2026-05-03T02:09:34'::timestamp, 82.73, 6.62, 5.17, 'completed') RETURNING id;
INSERT INTO orders (location_id, customer_id, employee_id, table_id, order_time, total_amount, tax_amount, tip_amount, status) VALUES (6, 19, 35, NULL, '2026-05-01T09:05:21'::timestamp, 54.71, 4.38, 10.83, 'cancelled') RETURNING id;
INSERT INTO orders (location_id, customer_id, employee_id, table_id, order_time, total_amount, tax_amount, tip_amount, status) VALUES (4, 68, 27, 107, '2026-05-02T11:37:12'::timestamp, 33.21, 2.66, 4.17, 'open') RETURNING id;
INSERT INTO orders (location_id, customer_id, employee_id, table_id, order_time, total_amount, tax_amount, tip_amount, status) VALUES (11, 106, 46, 75, '2026-05-01T01:08:40'::timestamp, 24.82, 1.99, 1.92, 'completed') RETURNING id;
INSERT INTO orders (location_id, customer_id, employee_id, table_id, order_time, total_amount, tax_amount, tip_amount, status) VALUES (12, 23, 23, 30, '2026-05-01T09:44:24'::timestamp, 95.88, 7.67, 14.6, 'cancelled') RETURNING id;
INSERT INTO orders (location_id, customer_id, employee_id, table_id, order_time, total_amount, tax_amount, tip_amount, status) VALUES (4, 37, 29, NULL, '2026-05-03T09:13:24'::timestamp, 108.37, 8.67, 11.93, 'completed') RETURNING id;
INSERT INTO orders (location_id, customer_id, employee_id, table_id, order_time, total_amount, tax_amount, tip_amount, status) VALUES (13, 51, 32, NULL, '2026-05-02T18:50:29'::timestamp, 79.67, 6.37, 5.01, 'open') RETURNING id;
INSERT INTO orders (location_id, customer_id, employee_id, table_id, order_time, total_amount, tax_amount, tip_amount, status) VALUES (7, 125, 31, 88, '2026-05-01T21:35:24'::timestamp, 90.4, 7.23, 11.83, 'open') RETURNING id;
INSERT INTO orders (location_id, customer_id, employee_id, table_id, order_time, total_amount, tax_amount, tip_amount, status) VALUES (12, 13, 31, 36, '2026-05-01T14:34:10'::timestamp, 133.65, 10.69, 12.61, 'completed') RETURNING id;
INSERT INTO orders (location_id, customer_id, employee_id, table_id, order_time, total_amount, tax_amount, tip_amount, status) VALUES (5, 20, 16, 84, '2026-05-01T20:30:05'::timestamp, 127.68, 10.21, 25.08, 'completed') RETURNING id;
INSERT INTO orders (location_id, customer_id, employee_id, table_id, order_time, total_amount, tax_amount, tip_amount, status) VALUES (5, 113, 10, NULL, '2026-05-01T03:48:18'::timestamp, 130.61, 10.45, 4.02, 'cancelled') RETURNING id;
INSERT INTO orders (location_id, customer_id, employee_id, table_id, order_time, total_amount, tax_amount, tip_amount, status) VALUES (1, 103, 22, 94, '2026-05-02T12:13:06'::timestamp, 81.13, 6.49, 6.7, 'completed') RETURNING id;
INSERT INTO orders (location_id, customer_id, employee_id, table_id, order_time, total_amount, tax_amount, tip_amount, status) VALUES (2, NULL, 43, 44, '2026-05-01T16:33:11'::timestamp, 92.45, 7.4, 3.4, 'completed') RETURNING id;
INSERT INTO orders (location_id, customer_id, employee_id, table_id, order_time, total_amount, tax_amount, tip_amount, status) VALUES (16, 47, 20, 49, '2026-05-01T11:54:59'::timestamp, 76.31, 6.1, 4.95, 'open') RETURNING id;
INSERT INTO orders (location_id, customer_id, employee_id, table_id, order_time, total_amount, tax_amount, tip_amount, status) VALUES (17, NULL, 45, NULL, '2026-05-02T23:35:10'::timestamp, 51.22, 4.1, 3.63, 'completed') RETURNING id;
INSERT INTO orders (location_id, customer_id, employee_id, table_id, order_time, total_amount, tax_amount, tip_amount, status) VALUES (19, NULL, 51, 81, '2026-05-03T05:44:47'::timestamp, 99.64, 7.97, 1.13, 'cancelled') RETURNING id;
INSERT INTO orders (location_id, customer_id, employee_id, table_id, order_time, total_amount, tax_amount, tip_amount, status) VALUES (16, 46, 38, NULL, '2026-05-02T07:54:13'::timestamp, 119.46, 9.56, 0.17, 'open') RETURNING id;
INSERT INTO orders (location_id, customer_id, employee_id, table_id, order_time, total_amount, tax_amount, tip_amount, status) VALUES (3, 105, 14, 38, '2026-05-02T06:29:37'::timestamp, 52.41, 4.19, 4.82, 'cancelled') RETURNING id;
INSERT INTO orders (location_id, customer_id, employee_id, table_id, order_time, total_amount, tax_amount, tip_amount, status) VALUES (7, 64, 8, 95, '2026-05-01T14:39:41'::timestamp, 92.36, 7.39, 17.64, 'open') RETURNING id;
INSERT INTO orders (location_id, customer_id, employee_id, table_id, order_time, total_amount, tax_amount, tip_amount, status) VALUES (6, 137, 14, 40, '2026-05-01T09:43:55'::timestamp, 112.74, 9.02, 8.27, 'cancelled') RETURNING id;
INSERT INTO orders (location_id, customer_id, employee_id, table_id, order_time, total_amount, tax_amount, tip_amount, status) VALUES (14, 48, 10, 24, '2026-05-03T17:25:18'::timestamp, 21.28, 1.7, 0.86, 'open') RETURNING id;
INSERT INTO orders (location_id, customer_id, employee_id, table_id, order_time, total_amount, tax_amount, tip_amount, status) VALUES (14, NULL, 39, 94, '2026-05-01T08:36:30'::timestamp, 45.82, 3.67, 1.55, 'completed') RETURNING id;
INSERT INTO orders (location_id, customer_id, employee_id, table_id, order_time, total_amount, tax_amount, tip_amount, status) VALUES (19, NULL, 17, 74, '2026-05-02T12:15:29'::timestamp, 31.57, 2.53, 4.64, 'open') RETURNING id;
INSERT INTO orders (location_id, customer_id, employee_id, table_id, order_time, total_amount, tax_amount, tip_amount, status) VALUES (16, 59, 22, 74, '2026-05-01T00:57:21'::timestamp, 58.29, 4.66, 1.5, 'open') RETURNING id;
INSERT INTO orders (location_id, customer_id, employee_id, table_id, order_time, total_amount, tax_amount, tip_amount, status) VALUES (9, 138, 48, 8, '2026-05-03T04:28:37'::timestamp, 114.26, 9.14, 18.94, 'cancelled') RETURNING id;
INSERT INTO orders (location_id, customer_id, employee_id, table_id, order_time, total_amount, tax_amount, tip_amount, status) VALUES (16, 121, 9, 50, '2026-05-03T02:56:42'::timestamp, 88.34, 7.07, 14.64, 'cancelled') RETURNING id;
INSERT INTO orders (location_id, customer_id, employee_id, table_id, order_time, total_amount, tax_amount, tip_amount, status) VALUES (4, NULL, 25, 112, '2026-05-03T02:55:57'::timestamp, 93.5, 7.48, 0.16, 'completed') RETURNING id;
INSERT INTO orders (location_id, customer_id, employee_id, table_id, order_time, total_amount, tax_amount, tip_amount, status) VALUES (20, NULL, 28, 144, '2026-05-02T18:51:31'::timestamp, 90.45, 7.24, 17.43, 'open') RETURNING id;
INSERT INTO orders (location_id, customer_id, employee_id, table_id, order_time, total_amount, tax_amount, tip_amount, status) VALUES (11, 38, 23, 51, '2026-05-02T06:51:13'::timestamp, 27.9, 2.23, 1.74, 'open') RETURNING id;
INSERT INTO orders (location_id, customer_id, employee_id, table_id, order_time, total_amount, tax_amount, tip_amount, status) VALUES (8, NULL, 25, 44, '2026-05-01T21:08:10'::timestamp, 18.26, 1.46, 0.54, 'completed') RETURNING id;
INSERT INTO orders (location_id, customer_id, employee_id, table_id, order_time, total_amount, tax_amount, tip_amount, status) VALUES (1, 51, 51, NULL, '2026-05-02T01:29:58'::timestamp, 46.08, 3.69, 9.08, 'open') RETURNING id;
INSERT INTO orders (location_id, customer_id, employee_id, table_id, order_time, total_amount, tax_amount, tip_amount, status) VALUES (15, 58, 4, 108, '2026-05-01T14:27:54'::timestamp, 131.55, 10.52, 13.37, 'open') RETURNING id;
INSERT INTO orders (location_id, customer_id, employee_id, table_id, order_time, total_amount, tax_amount, tip_amount, status) VALUES (13, 124, 15, 87, '2026-05-03T12:12:49'::timestamp, 113.66, 9.09, 0.17, 'cancelled') RETURNING id;
INSERT INTO orders (location_id, customer_id, employee_id, table_id, order_time, total_amount, tax_amount, tip_amount, status) VALUES (20, 44, 21, 94, '2026-05-02T18:17:44'::timestamp, 112.74, 9.02, 6.44, 'open') RETURNING id;
INSERT INTO orders (location_id, customer_id, employee_id, table_id, order_time, total_amount, tax_amount, tip_amount, status) VALUES (9, 109, 51, 112, '2026-05-02T21:05:20'::timestamp, 105.28, 8.42, 10.71, 'open') RETURNING id;
INSERT INTO orders (location_id, customer_id, employee_id, table_id, order_time, total_amount, tax_amount, tip_amount, status) VALUES (11, 65, 27, 80, '2026-05-02T12:38:54'::timestamp, 15.51, 1.24, 2.96, 'cancelled') RETURNING id;
INSERT INTO orders (location_id, customer_id, employee_id, table_id, order_time, total_amount, tax_amount, tip_amount, status) VALUES (6, 64, 31, 37, '2026-05-02T16:12:42'::timestamp, 70.14, 5.61, 3.5, 'open') RETURNING id;
INSERT INTO orders (location_id, customer_id, employee_id, table_id, order_time, total_amount, tax_amount, tip_amount, status) VALUES (9, 65, 53, 62, '2026-05-02T20:20:18'::timestamp, 44.6, 3.57, 0.52, 'open') RETURNING id;
INSERT INTO orders (location_id, customer_id, employee_id, table_id, order_time, total_amount, tax_amount, tip_amount, status) VALUES (16, 27, 17, 139, '2026-05-02T01:33:05'::timestamp, 137.96, 11.04, 16.36, 'completed') RETURNING id;
INSERT INTO orders (location_id, customer_id, employee_id, table_id, order_time, total_amount, tax_amount, tip_amount, status) VALUES (13, 69, 14, 87, '2026-05-02T17:06:58'::timestamp, 62.44, 5.0, 8.56, 'cancelled') RETURNING id;
INSERT INTO orders (location_id, customer_id, employee_id, table_id, order_time, total_amount, tax_amount, tip_amount, status) VALUES (12, NULL, 6, 29, '2026-05-02T22:05:49'::timestamp, 42.7, 3.42, 3.51, 'cancelled') RETURNING id;
INSERT INTO orders (location_id, customer_id, employee_id, table_id, order_time, total_amount, tax_amount, tip_amount, status) VALUES (19, NULL, 10, 131, '2026-05-01T16:37:45'::timestamp, 120.59, 9.65, 20.5, 'cancelled') RETURNING id;
INSERT INTO orders (location_id, customer_id, employee_id, table_id, order_time, total_amount, tax_amount, tip_amount, status) VALUES (11, 43, 34, NULL, '2026-05-01T18:54:54'::timestamp, 104.75, 8.38, 3.47, 'open') RETURNING id;
INSERT INTO orders (location_id, customer_id, employee_id, table_id, order_time, total_amount, tax_amount, tip_amount, status) VALUES (4, 55, 28, NULL, '2026-05-02T02:11:16'::timestamp, 134.45, 10.76, 6.16, 'cancelled') RETURNING id;
INSERT INTO orders (location_id, customer_id, employee_id, table_id, order_time, total_amount, tax_amount, tip_amount, status) VALUES (15, 7, 22, 155, '2026-05-03T06:53:37'::timestamp, 149.76, 11.98, 15.52, 'completed') RETURNING id;

-- PAYMENTS
INSERT INTO payments (order_id, payment_time, amount, method, status) VALUES (256, '2026-05-02T19:14:04'::timestamp, 176.2, 'debit_card', 'paid');
INSERT INTO payments (order_id, payment_time, amount, method, status) VALUES (257, '2026-05-03T16:34:33'::timestamp, 192.29, 'cash', 'paid');
INSERT INTO payments (order_id, payment_time, amount, method, status) VALUES (258, '2026-05-01T18:24:42'::timestamp, 24.71, 'debit_card', 'paid');
INSERT INTO payments (order_id, payment_time, amount, method, status) VALUES (259, '2026-05-03T01:25:10'::timestamp, 193.68, 'cash', 'paid');
INSERT INTO payments (order_id, payment_time, amount, method, status) VALUES (260, '2026-05-01T01:45:04'::timestamp, 144.35, 'debit_card', 'paid');
INSERT INTO payments (order_id, payment_time, amount, method, status) VALUES (262, '2026-05-02T18:47:31'::timestamp, 117.36, 'cash', 'paid');
INSERT INTO payments (order_id, payment_time, amount, method, status) VALUES (263, '2026-05-01T23:24:17'::timestamp, 164.54, 'debit_card', 'paid');
INSERT INTO payments (order_id, payment_time, amount, method, status) VALUES (265, '2026-05-02T02:51:28'::timestamp, 36.65, 'cash', 'paid');
INSERT INTO payments (order_id, payment_time, amount, method, status) VALUES (266, '2026-05-03T03:48:12'::timestamp, 135.48, 'digital_wallet', 'paid');
INSERT INTO payments (order_id, payment_time, amount, method, status) VALUES (268, '2026-05-03T02:20:06'::timestamp, 148.18, 'credit_card', 'paid');
INSERT INTO payments (order_id, payment_time, amount, method, status) VALUES (269, '2026-05-02T00:28:16'::timestamp, 179.41, 'credit_card', 'paid');
INSERT INTO payments (order_id, payment_time, amount, method, status) VALUES (270, '2026-05-03T15:51:15'::timestamp, 122.25, 'cash', 'paid');
INSERT INTO payments (order_id, payment_time, amount, method, status) VALUES (271, '2026-05-01T09:07:23'::timestamp, 35.08, 'digital_wallet', 'paid');
INSERT INTO payments (order_id, payment_time, amount, method, status) VALUES (272, '2026-05-01T18:21:28'::timestamp, 160.1, 'digital_wallet', 'paid');
INSERT INTO payments (order_id, payment_time, amount, method, status) VALUES (273, '2026-05-02T22:46:55'::timestamp, 78.83, 'digital_wallet', 'paid');
INSERT INTO payments (order_id, payment_time, amount, method, status) VALUES (274, '2026-05-02T23:30:20'::timestamp, 189.79, 'debit_card', 'paid');
INSERT INTO payments (order_id, payment_time, amount, method, status) VALUES (275, '2026-05-02T15:09:05'::timestamp, 24.7, 'cash', 'paid');
INSERT INTO payments (order_id, payment_time, amount, method, status) VALUES (276, '2026-05-03T06:22:35'::timestamp, 52.73, 'credit_card', 'paid');
INSERT INTO payments (order_id, payment_time, amount, method, status) VALUES (277, '2026-05-02T00:23:24'::timestamp, 199.91, 'credit_card', 'failed');
INSERT INTO payments (order_id, payment_time, amount, method, status) VALUES (278, '2026-05-01T23:12:36'::timestamp, 32.06, 'debit_card', 'paid');
INSERT INTO payments (order_id, payment_time, amount, method, status) VALUES (279, '2026-05-03T16:54:48'::timestamp, 141.73, 'credit_card', 'paid');
INSERT INTO payments (order_id, payment_time, amount, method, status) VALUES (280, '2026-05-01T05:03:39'::timestamp, 139.1, 'debit_card', 'paid');
INSERT INTO payments (order_id, payment_time, amount, method, status) VALUES (281, '2026-05-01T14:31:22'::timestamp, 42.14, 'credit_card', 'paid');
INSERT INTO payments (order_id, payment_time, amount, method, status) VALUES (282, '2026-05-03T08:12:26'::timestamp, 134.59, 'cash', 'paid');
INSERT INTO payments (order_id, payment_time, amount, method, status) VALUES (284, '2026-05-03T01:42:49'::timestamp, 62.86, 'credit_card', 'paid');
INSERT INTO payments (order_id, payment_time, amount, method, status) VALUES (285, '2026-05-01T10:43:45'::timestamp, 39.88, 'cash', 'paid');
INSERT INTO payments (order_id, payment_time, amount, method, status) VALUES (288, '2026-05-01T18:39:33'::timestamp, 166.55, 'cash', 'paid');
INSERT INTO payments (order_id, payment_time, amount, method, status) VALUES (289, '2026-05-03T15:44:13'::timestamp, 24.06, 'credit_card', 'paid');
INSERT INTO payments (order_id, payment_time, amount, method, status) VALUES (290, '2026-05-01T15:37:33'::timestamp, 152.98, 'cash', 'paid');
INSERT INTO payments (order_id, payment_time, amount, method, status) VALUES (291, '2026-05-02T23:15:21'::timestamp, 159.64, 'cash', 'paid');
INSERT INTO payments (order_id, payment_time, amount, method, status) VALUES (292, '2026-05-02T01:57:40'::timestamp, 54.51, 'debit_card', 'paid');
INSERT INTO payments (order_id, payment_time, amount, method, status) VALUES (293, '2026-05-02T00:40:04'::timestamp, 27.09, 'credit_card', 'paid');
INSERT INTO payments (order_id, payment_time, amount, method, status) VALUES (294, '2026-05-01T02:02:37'::timestamp, 149.77, 'cash', 'paid');
INSERT INTO payments (order_id, payment_time, amount, method, status) VALUES (296, '2026-05-03T13:36:42'::timestamp, 103.09, 'cash', 'pending');
INSERT INTO payments (order_id, payment_time, amount, method, status) VALUES (297, '2026-05-01T10:04:08'::timestamp, 130.44, 'debit_card', 'paid');
INSERT INTO payments (order_id, payment_time, amount, method, status) VALUES (298, '2026-05-01T08:27:52'::timestamp, 45.23, 'debit_card', 'paid');
INSERT INTO payments (order_id, payment_time, amount, method, status) VALUES (299, '2026-05-03T13:53:36'::timestamp, 150.51, 'debit_card', 'paid');
INSERT INTO payments (order_id, payment_time, amount, method, status) VALUES (301, '2026-05-03T11:46:47'::timestamp, 107.07, 'cash', 'paid');
INSERT INTO payments (order_id, payment_time, amount, method, status) VALUES (302, '2026-05-01T22:49:32'::timestamp, 117.57, 'cash', 'paid');
INSERT INTO payments (order_id, payment_time, amount, method, status) VALUES (303, '2026-05-02T14:26:10'::timestamp, 33.79, 'debit_card', 'paid');
INSERT INTO payments (order_id, payment_time, amount, method, status) VALUES (304, '2026-05-01T19:44:36'::timestamp, 35.12, 'digital_wallet', 'paid');
INSERT INTO payments (order_id, payment_time, amount, method, status) VALUES (305, '2026-05-01T16:52:19'::timestamp, 111.67, 'credit_card', 'paid');

-- RESERVATIONS
INSERT INTO reservations (table_id, customer_id, start_time, end_time, status) VALUES (24, 149, '2026-05-15T23:19:46'::timestamp, '2026-05-16T00:19:46'::timestamp, 'no_show');
INSERT INTO reservations (table_id, customer_id, start_time, end_time, status) VALUES (84, 108, '2026-05-10T01:06:05'::timestamp, '2026-05-10T03:06:05'::timestamp, 'booked');
INSERT INTO reservations (table_id, customer_id, start_time, end_time, status) VALUES (83, 93, '2026-05-20T09:34:07'::timestamp, '2026-05-20T11:34:07'::timestamp, 'checked_in');
INSERT INTO reservations (table_id, customer_id, start_time, end_time, status) VALUES (10, 14, '2026-05-15T13:24:36'::timestamp, '2026-05-15T16:24:36'::timestamp, 'checked_in');
INSERT INTO reservations (table_id, customer_id, start_time, end_time, status) VALUES (34, 119, '2026-05-13T15:32:21'::timestamp, '2026-05-13T18:32:21'::timestamp, 'checked_in');
INSERT INTO reservations (table_id, customer_id, start_time, end_time, status) VALUES (32, 7, '2026-05-14T23:36:21'::timestamp, '2026-05-15T02:36:21'::timestamp, 'booked');
INSERT INTO reservations (table_id, customer_id, start_time, end_time, status) VALUES (113, 4, '2026-05-31T01:10:12'::timestamp, '2026-05-31T04:10:12'::timestamp, 'no_show');
INSERT INTO reservations (table_id, customer_id, start_time, end_time, status) VALUES (25, 24, '2026-05-11T03:26:28'::timestamp, '2026-05-11T06:26:28'::timestamp, 'cancelled');
INSERT INTO reservations (table_id, customer_id, start_time, end_time, status) VALUES (156, 125, '2026-05-26T13:24:40'::timestamp, '2026-05-26T14:24:40'::timestamp, 'checked_in');
INSERT INTO reservations (table_id, customer_id, start_time, end_time, status) VALUES (35, 68, '2026-05-08T07:21:53'::timestamp, '2026-05-08T10:21:53'::timestamp, 'checked_in');
INSERT INTO reservations (table_id, customer_id, start_time, end_time, status) VALUES (153, 147, '2026-05-07T11:06:18'::timestamp, '2026-05-07T13:06:18'::timestamp, 'cancelled');
INSERT INTO reservations (table_id, customer_id, start_time, end_time, status) VALUES (98, 137, '2026-06-01T09:13:07'::timestamp, '2026-06-01T10:13:07'::timestamp, 'no_show');
INSERT INTO reservations (table_id, customer_id, start_time, end_time, status) VALUES (10, 4, '2026-05-17T23:13:50'::timestamp, '2026-05-18T02:13:50'::timestamp, 'no_show');
INSERT INTO reservations (table_id, customer_id, start_time, end_time, status) VALUES (141, 23, '2026-05-14T09:32:21'::timestamp, '2026-05-14T11:32:21'::timestamp, 'no_show');
INSERT INTO reservations (table_id, customer_id, start_time, end_time, status) VALUES (38, 96, '2026-05-24T06:41:20'::timestamp, '2026-05-24T08:41:20'::timestamp, 'no_show');

-- SHIFTS
INSERT INTO shifts (employee_id, location_id, shift_start, shift_end) VALUES (4, 13, '2026-05-02T08:43:17'::timestamp, '2026-05-02T14:43:17'::timestamp);
INSERT INTO shifts (employee_id, location_id, shift_start, shift_end) VALUES (4, 6, '2026-04-29T15:08:52'::timestamp, '2026-04-29T19:08:52'::timestamp);
INSERT INTO shifts (employee_id, location_id, shift_start, shift_end) VALUES (4, 14, '2026-04-27T11:40:09'::timestamp, '2026-04-27T15:40:09'::timestamp);
INSERT INTO shifts (employee_id, location_id, shift_start, shift_end) VALUES (4, 11, '2026-04-28T15:49:07'::timestamp, '2026-04-28T23:49:07'::timestamp);
INSERT INTO shifts (employee_id, location_id, shift_start, shift_end) VALUES (4, 12, '2026-04-26T11:15:17'::timestamp, '2026-04-26T19:15:17'::timestamp);
INSERT INTO shifts (employee_id, location_id, shift_start, shift_end) VALUES (5, 18, '2026-04-28T08:10:59'::timestamp, '2026-04-28T13:10:59'::timestamp);
INSERT INTO shifts (employee_id, location_id, shift_start, shift_end) VALUES (5, 3, '2026-05-01T08:47:20'::timestamp, '2026-05-01T14:47:20'::timestamp);
INSERT INTO shifts (employee_id, location_id, shift_start, shift_end) VALUES (5, 18, '2026-04-26T15:01:00'::timestamp, '2026-04-26T22:01:00'::timestamp);
INSERT INTO shifts (employee_id, location_id, shift_start, shift_end) VALUES (5, 8, '2026-04-29T08:05:46'::timestamp, '2026-04-29T15:05:46'::timestamp);
INSERT INTO shifts (employee_id, location_id, shift_start, shift_end) VALUES (5, 9, '2026-04-28T08:26:06'::timestamp, '2026-04-28T14:26:06'::timestamp);
INSERT INTO shifts (employee_id, location_id, shift_start, shift_end) VALUES (6, 13, '2026-04-29T08:18:26'::timestamp, '2026-04-29T14:18:26'::timestamp);
INSERT INTO shifts (employee_id, location_id, shift_start, shift_end) VALUES (6, 5, '2026-05-02T15:23:39'::timestamp, '2026-05-02T23:23:39'::timestamp);
INSERT INTO shifts (employee_id, location_id, shift_start, shift_end) VALUES (6, 6, '2026-04-29T15:28:23'::timestamp, '2026-04-29T21:28:23'::timestamp);
INSERT INTO shifts (employee_id, location_id, shift_start, shift_end) VALUES (7, 10, '2026-04-26T15:04:23'::timestamp, '2026-04-26T23:04:23'::timestamp);
INSERT INTO shifts (employee_id, location_id, shift_start, shift_end) VALUES (7, 19, '2026-05-02T11:02:33'::timestamp, '2026-05-02T18:02:33'::timestamp);
INSERT INTO shifts (employee_id, location_id, shift_start, shift_end) VALUES (7, 13, '2026-05-02T15:44:52'::timestamp, '2026-05-02T19:44:52'::timestamp);
INSERT INTO shifts (employee_id, location_id, shift_start, shift_end) VALUES (7, 13, '2026-04-29T08:40:54'::timestamp, '2026-04-29T12:40:54'::timestamp);
INSERT INTO shifts (employee_id, location_id, shift_start, shift_end) VALUES (7, 18, '2026-04-30T08:55:21'::timestamp, '2026-04-30T12:55:21'::timestamp);
INSERT INTO shifts (employee_id, location_id, shift_start, shift_end) VALUES (8, 10, '2026-04-28T15:03:47'::timestamp, '2026-04-28T19:03:47'::timestamp);
INSERT INTO shifts (employee_id, location_id, shift_start, shift_end) VALUES (8, 13, '2026-04-30T11:16:48'::timestamp, '2026-04-30T19:16:48'::timestamp);
INSERT INTO shifts (employee_id, location_id, shift_start, shift_end) VALUES (8, 7, '2026-05-01T08:50:53'::timestamp, '2026-05-01T12:50:53'::timestamp);
INSERT INTO shifts (employee_id, location_id, shift_start, shift_end) VALUES (9, 1, '2026-04-29T15:34:02'::timestamp, '2026-04-29T19:34:02'::timestamp);
INSERT INTO shifts (employee_id, location_id, shift_start, shift_end) VALUES (9, 6, '2026-04-30T15:57:35'::timestamp, '2026-04-30T20:57:35'::timestamp);
INSERT INTO shifts (employee_id, location_id, shift_start, shift_end) VALUES (9, 20, '2026-04-28T08:23:57'::timestamp, '2026-04-28T16:23:57'::timestamp);
INSERT INTO shifts (employee_id, location_id, shift_start, shift_end) VALUES (9, 1, '2026-04-28T11:32:51'::timestamp, '2026-04-28T16:32:51'::timestamp);
INSERT INTO shifts (employee_id, location_id, shift_start, shift_end) VALUES (10, 1, '2026-04-28T15:13:54'::timestamp, '2026-04-28T23:13:54'::timestamp);
INSERT INTO shifts (employee_id, location_id, shift_start, shift_end) VALUES (10, 4, '2026-04-27T15:48:51'::timestamp, '2026-04-27T20:48:51'::timestamp);
INSERT INTO shifts (employee_id, location_id, shift_start, shift_end) VALUES (10, 8, '2026-05-02T11:29:47'::timestamp, '2026-05-02T16:29:47'::timestamp);
INSERT INTO shifts (employee_id, location_id, shift_start, shift_end) VALUES (11, 7, '2026-05-03T08:24:35'::timestamp, '2026-05-03T15:24:35'::timestamp);
INSERT INTO shifts (employee_id, location_id, shift_start, shift_end) VALUES (11, 10, '2026-05-03T08:06:20'::timestamp, '2026-05-03T12:06:20'::timestamp);
INSERT INTO shifts (employee_id, location_id, shift_start, shift_end) VALUES (11, 1, '2026-05-03T15:46:22'::timestamp, '2026-05-03T19:46:22'::timestamp);
INSERT INTO shifts (employee_id, location_id, shift_start, shift_end) VALUES (12, 1, '2026-04-30T15:58:07'::timestamp, '2026-04-30T21:58:07'::timestamp);
INSERT INTO shifts (employee_id, location_id, shift_start, shift_end) VALUES (12, 14, '2026-04-30T11:53:47'::timestamp, '2026-04-30T19:53:47'::timestamp);
INSERT INTO shifts (employee_id, location_id, shift_start, shift_end) VALUES (12, 18, '2026-04-29T11:41:50'::timestamp, '2026-04-29T18:41:50'::timestamp);
INSERT INTO shifts (employee_id, location_id, shift_start, shift_end) VALUES (12, 4, '2026-04-28T08:45:13'::timestamp, '2026-04-28T15:45:13'::timestamp);
INSERT INTO shifts (employee_id, location_id, shift_start, shift_end) VALUES (13, 14, '2026-05-01T15:52:38'::timestamp, '2026-05-01T20:52:38'::timestamp);
INSERT INTO shifts (employee_id, location_id, shift_start, shift_end) VALUES (13, 19, '2026-04-29T11:08:54'::timestamp, '2026-04-29T19:08:54'::timestamp);
INSERT INTO shifts (employee_id, location_id, shift_start, shift_end) VALUES (13, 5, '2026-04-28T15:42:58'::timestamp, '2026-04-28T23:42:58'::timestamp);
INSERT INTO shifts (employee_id, location_id, shift_start, shift_end) VALUES (13, 15, '2026-05-01T11:17:42'::timestamp, '2026-05-01T15:17:42'::timestamp);
INSERT INTO shifts (employee_id, location_id, shift_start, shift_end) VALUES (14, 6, '2026-04-28T08:03:12'::timestamp, '2026-04-28T12:03:12'::timestamp);
INSERT INTO shifts (employee_id, location_id, shift_start, shift_end) VALUES (14, 11, '2026-04-28T11:53:49'::timestamp, '2026-04-28T18:53:49'::timestamp);
INSERT INTO shifts (employee_id, location_id, shift_start, shift_end) VALUES (14, 9, '2026-05-01T15:55:56'::timestamp, '2026-05-01T20:55:56'::timestamp);
INSERT INTO shifts (employee_id, location_id, shift_start, shift_end) VALUES (15, 18, '2026-04-27T15:05:29'::timestamp, '2026-04-27T21:05:29'::timestamp);
INSERT INTO shifts (employee_id, location_id, shift_start, shift_end) VALUES (15, 1, '2026-04-30T15:30:28'::timestamp, '2026-04-30T19:30:28'::timestamp);
INSERT INTO shifts (employee_id, location_id, shift_start, shift_end) VALUES (15, 3, '2026-05-01T08:15:09'::timestamp, '2026-05-01T14:15:09'::timestamp);
INSERT INTO shifts (employee_id, location_id, shift_start, shift_end) VALUES (16, 15, '2026-04-30T08:31:35'::timestamp, '2026-04-30T15:31:35'::timestamp);
INSERT INTO shifts (employee_id, location_id, shift_start, shift_end) VALUES (16, 7, '2026-05-01T08:02:37'::timestamp, '2026-05-01T16:02:37'::timestamp);
INSERT INTO shifts (employee_id, location_id, shift_start, shift_end) VALUES (16, 2, '2026-04-27T08:31:56'::timestamp, '2026-04-27T15:31:56'::timestamp);
INSERT INTO shifts (employee_id, location_id, shift_start, shift_end) VALUES (17, 10, '2026-05-02T11:15:56'::timestamp, '2026-05-02T19:15:56'::timestamp);
INSERT INTO shifts (employee_id, location_id, shift_start, shift_end) VALUES (17, 20, '2026-04-27T11:49:31'::timestamp, '2026-04-27T17:49:31'::timestamp);
INSERT INTO shifts (employee_id, location_id, shift_start, shift_end) VALUES (17, 18, '2026-05-01T15:43:39'::timestamp, '2026-05-01T22:43:39'::timestamp);
INSERT INTO shifts (employee_id, location_id, shift_start, shift_end) VALUES (17, 12, '2026-04-28T08:57:41'::timestamp, '2026-04-28T15:57:41'::timestamp);
INSERT INTO shifts (employee_id, location_id, shift_start, shift_end) VALUES (17, 9, '2026-05-02T08:49:09'::timestamp, '2026-05-02T15:49:09'::timestamp);
INSERT INTO shifts (employee_id, location_id, shift_start, shift_end) VALUES (18, 4, '2026-04-28T08:55:12'::timestamp, '2026-04-28T13:55:12'::timestamp);
INSERT INTO shifts (employee_id, location_id, shift_start, shift_end) VALUES (18, 17, '2026-04-30T15:24:25'::timestamp, '2026-04-30T20:24:25'::timestamp);
INSERT INTO shifts (employee_id, location_id, shift_start, shift_end) VALUES (18, 15, '2026-04-29T08:58:29'::timestamp, '2026-04-29T13:58:29'::timestamp);
INSERT INTO shifts (employee_id, location_id, shift_start, shift_end) VALUES (18, 12, '2026-05-03T11:18:52'::timestamp, '2026-05-03T15:18:52'::timestamp);
INSERT INTO shifts (employee_id, location_id, shift_start, shift_end) VALUES (18, 9, '2026-04-27T08:43:56'::timestamp, '2026-04-27T12:43:56'::timestamp);
INSERT INTO shifts (employee_id, location_id, shift_start, shift_end) VALUES (19, 15, '2026-04-30T08:58:31'::timestamp, '2026-04-30T14:58:31'::timestamp);
INSERT INTO shifts (employee_id, location_id, shift_start, shift_end) VALUES (19, 20, '2026-04-27T11:20:08'::timestamp, '2026-04-27T18:20:08'::timestamp);
INSERT INTO shifts (employee_id, location_id, shift_start, shift_end) VALUES (19, 9, '2026-04-29T11:23:42'::timestamp, '2026-04-29T18:23:42'::timestamp);
INSERT INTO shifts (employee_id, location_id, shift_start, shift_end) VALUES (20, 6, '2026-04-28T11:27:05'::timestamp, '2026-04-28T18:27:05'::timestamp);
INSERT INTO shifts (employee_id, location_id, shift_start, shift_end) VALUES (20, 4, '2026-04-29T15:15:18'::timestamp, '2026-04-29T23:15:18'::timestamp);
INSERT INTO shifts (employee_id, location_id, shift_start, shift_end) VALUES (20, 6, '2026-05-01T11:49:53'::timestamp, '2026-05-01T16:49:53'::timestamp);
INSERT INTO shifts (employee_id, location_id, shift_start, shift_end) VALUES (20, 9, '2026-04-30T11:58:21'::timestamp, '2026-04-30T18:58:21'::timestamp);
INSERT INTO shifts (employee_id, location_id, shift_start, shift_end) VALUES (21, 19, '2026-05-02T15:22:55'::timestamp, '2026-05-02T23:22:55'::timestamp);
INSERT INTO shifts (employee_id, location_id, shift_start, shift_end) VALUES (21, 20, '2026-04-29T08:36:27'::timestamp, '2026-04-29T14:36:27'::timestamp);
INSERT INTO shifts (employee_id, location_id, shift_start, shift_end) VALUES (21, 5, '2026-04-27T08:55:47'::timestamp, '2026-04-27T13:55:47'::timestamp);
INSERT INTO shifts (employee_id, location_id, shift_start, shift_end) VALUES (21, 19, '2026-05-01T15:46:09'::timestamp, '2026-05-01T19:46:09'::timestamp);
INSERT INTO shifts (employee_id, location_id, shift_start, shift_end) VALUES (22, 13, '2026-05-02T11:02:55'::timestamp, '2026-05-02T16:02:55'::timestamp);
INSERT INTO shifts (employee_id, location_id, shift_start, shift_end) VALUES (22, 1, '2026-04-28T15:23:39'::timestamp, '2026-04-28T19:23:39'::timestamp);
INSERT INTO shifts (employee_id, location_id, shift_start, shift_end) VALUES (22, 7, '2026-05-02T08:17:00'::timestamp, '2026-05-02T14:17:00'::timestamp);
INSERT INTO shifts (employee_id, location_id, shift_start, shift_end) VALUES (22, 8, '2026-05-01T15:53:16'::timestamp, '2026-05-01T21:53:16'::timestamp);
INSERT INTO shifts (employee_id, location_id, shift_start, shift_end) VALUES (22, 3, '2026-04-28T15:41:03'::timestamp, '2026-04-28T20:41:03'::timestamp);
INSERT INTO shifts (employee_id, location_id, shift_start, shift_end) VALUES (23, 9, '2026-05-03T15:41:03'::timestamp, '2026-05-03T19:41:03'::timestamp);
INSERT INTO shifts (employee_id, location_id, shift_start, shift_end) VALUES (23, 9, '2026-05-03T11:59:12'::timestamp, '2026-05-03T15:59:12'::timestamp);
INSERT INTO shifts (employee_id, location_id, shift_start, shift_end) VALUES (23, 1, '2026-04-28T11:54:46'::timestamp, '2026-04-28T18:54:46'::timestamp);
INSERT INTO shifts (employee_id, location_id, shift_start, shift_end) VALUES (23, 12, '2026-05-02T11:20:24'::timestamp, '2026-05-02T15:20:24'::timestamp);
INSERT INTO shifts (employee_id, location_id, shift_start, shift_end) VALUES (23, 15, '2026-04-28T11:43:04'::timestamp, '2026-04-28T16:43:04'::timestamp);
INSERT INTO shifts (employee_id, location_id, shift_start, shift_end) VALUES (24, 19, '2026-05-01T08:36:55'::timestamp, '2026-05-01T15:36:55'::timestamp);
INSERT INTO shifts (employee_id, location_id, shift_start, shift_end) VALUES (24, 6, '2026-04-28T11:45:35'::timestamp, '2026-04-28T18:45:35'::timestamp);
INSERT INTO shifts (employee_id, location_id, shift_start, shift_end) VALUES (24, 1, '2026-04-30T11:41:34'::timestamp, '2026-04-30T18:41:34'::timestamp);
INSERT INTO shifts (employee_id, location_id, shift_start, shift_end) VALUES (25, 4, '2026-04-26T15:01:49'::timestamp, '2026-04-26T22:01:49'::timestamp);
INSERT INTO shifts (employee_id, location_id, shift_start, shift_end) VALUES (25, 8, '2026-04-28T08:26:14'::timestamp, '2026-04-28T14:26:14'::timestamp);
INSERT INTO shifts (employee_id, location_id, shift_start, shift_end) VALUES (25, 5, '2026-04-28T08:35:36'::timestamp, '2026-04-28T12:35:36'::timestamp);
INSERT INTO shifts (employee_id, location_id, shift_start, shift_end) VALUES (25, 15, '2026-05-02T11:53:39'::timestamp, '2026-05-02T16:53:39'::timestamp);
INSERT INTO shifts (employee_id, location_id, shift_start, shift_end) VALUES (25, 13, '2026-05-02T11:28:21'::timestamp, '2026-05-02T17:28:21'::timestamp);
INSERT INTO shifts (employee_id, location_id, shift_start, shift_end) VALUES (26, 18, '2026-05-03T15:42:54'::timestamp, '2026-05-03T20:42:54'::timestamp);
INSERT INTO shifts (employee_id, location_id, shift_start, shift_end) VALUES (26, 11, '2026-05-01T15:44:08'::timestamp, '2026-05-01T22:44:08'::timestamp);
INSERT INTO shifts (employee_id, location_id, shift_start, shift_end) VALUES (26, 9, '2026-04-28T11:14:04'::timestamp, '2026-04-28T17:14:04'::timestamp);
INSERT INTO shifts (employee_id, location_id, shift_start, shift_end) VALUES (27, 17, '2026-05-01T08:13:31'::timestamp, '2026-05-01T16:13:31'::timestamp);
INSERT INTO shifts (employee_id, location_id, shift_start, shift_end) VALUES (27, 10, '2026-05-03T08:37:35'::timestamp, '2026-05-03T12:37:35'::timestamp);
INSERT INTO shifts (employee_id, location_id, shift_start, shift_end) VALUES (27, 12, '2026-05-02T15:40:20'::timestamp, '2026-05-02T19:40:20'::timestamp);
INSERT INTO shifts (employee_id, location_id, shift_start, shift_end) VALUES (27, 2, '2026-05-03T08:08:44'::timestamp, '2026-05-03T13:08:44'::timestamp);
INSERT INTO shifts (employee_id, location_id, shift_start, shift_end) VALUES (28, 2, '2026-05-03T11:35:55'::timestamp, '2026-05-03T16:35:55'::timestamp);
INSERT INTO shifts (employee_id, location_id, shift_start, shift_end) VALUES (28, 15, '2026-05-02T15:20:45'::timestamp, '2026-05-02T19:20:45'::timestamp);
INSERT INTO shifts (employee_id, location_id, shift_start, shift_end) VALUES (28, 4, '2026-04-30T11:57:57'::timestamp, '2026-04-30T17:57:57'::timestamp);
INSERT INTO shifts (employee_id, location_id, shift_start, shift_end) VALUES (28, 16, '2026-05-03T11:08:11'::timestamp, '2026-05-03T18:08:11'::timestamp);
INSERT INTO shifts (employee_id, location_id, shift_start, shift_end) VALUES (29, 5, '2026-04-29T15:56:42'::timestamp, '2026-04-29T21:56:42'::timestamp);
INSERT INTO shifts (employee_id, location_id, shift_start, shift_end) VALUES (29, 1, '2026-04-27T08:33:40'::timestamp, '2026-04-27T16:33:40'::timestamp);
INSERT INTO shifts (employee_id, location_id, shift_start, shift_end) VALUES (29, 8, '2026-05-01T15:00:51'::timestamp, '2026-05-01T22:00:51'::timestamp);
INSERT INTO shifts (employee_id, location_id, shift_start, shift_end) VALUES (29, 7, '2026-04-27T15:54:10'::timestamp, '2026-04-27T19:54:10'::timestamp);
INSERT INTO shifts (employee_id, location_id, shift_start, shift_end) VALUES (30, 9, '2026-04-30T11:38:22'::timestamp, '2026-04-30T16:38:22'::timestamp);
INSERT INTO shifts (employee_id, location_id, shift_start, shift_end) VALUES (30, 4, '2026-04-27T08:49:25'::timestamp, '2026-04-27T14:49:25'::timestamp);
INSERT INTO shifts (employee_id, location_id, shift_start, shift_end) VALUES (30, 12, '2026-04-30T08:20:47'::timestamp, '2026-04-30T13:20:47'::timestamp);
INSERT INTO shifts (employee_id, location_id, shift_start, shift_end) VALUES (31, 10, '2026-04-27T08:15:07'::timestamp, '2026-04-27T12:15:07'::timestamp);
INSERT INTO shifts (employee_id, location_id, shift_start, shift_end) VALUES (31, 8, '2026-04-28T11:28:24'::timestamp, '2026-04-28T15:28:24'::timestamp);
INSERT INTO shifts (employee_id, location_id, shift_start, shift_end) VALUES (31, 12, '2026-05-03T15:35:03'::timestamp, '2026-05-03T23:35:03'::timestamp);
INSERT INTO shifts (employee_id, location_id, shift_start, shift_end) VALUES (32, 4, '2026-04-28T15:55:25'::timestamp, '2026-04-28T19:55:25'::timestamp);
INSERT INTO shifts (employee_id, location_id, shift_start, shift_end) VALUES (32, 16, '2026-04-29T15:26:16'::timestamp, '2026-04-29T20:26:16'::timestamp);
INSERT INTO shifts (employee_id, location_id, shift_start, shift_end) VALUES (32, 17, '2026-04-30T11:23:06'::timestamp, '2026-04-30T15:23:06'::timestamp);
INSERT INTO shifts (employee_id, location_id, shift_start, shift_end) VALUES (32, 12, '2026-04-30T15:08:09'::timestamp, '2026-04-30T19:08:09'::timestamp);
INSERT INTO shifts (employee_id, location_id, shift_start, shift_end) VALUES (33, 15, '2026-05-01T08:14:12'::timestamp, '2026-05-01T15:14:12'::timestamp);
INSERT INTO shifts (employee_id, location_id, shift_start, shift_end) VALUES (33, 19, '2026-05-03T11:44:33'::timestamp, '2026-05-03T19:44:33'::timestamp);
INSERT INTO shifts (employee_id, location_id, shift_start, shift_end) VALUES (33, 9, '2026-04-28T15:19:36'::timestamp, '2026-04-28T23:19:36'::timestamp);
INSERT INTO shifts (employee_id, location_id, shift_start, shift_end) VALUES (33, 20, '2026-05-01T08:58:31'::timestamp, '2026-05-01T12:58:31'::timestamp);
INSERT INTO shifts (employee_id, location_id, shift_start, shift_end) VALUES (33, 18, '2026-05-02T15:19:00'::timestamp, '2026-05-02T21:19:00'::timestamp);
INSERT INTO shifts (employee_id, location_id, shift_start, shift_end) VALUES (34, 3, '2026-05-02T15:19:44'::timestamp, '2026-05-02T21:19:44'::timestamp);
INSERT INTO shifts (employee_id, location_id, shift_start, shift_end) VALUES (34, 1, '2026-04-29T11:43:52'::timestamp, '2026-04-29T15:43:52'::timestamp);
INSERT INTO shifts (employee_id, location_id, shift_start, shift_end) VALUES (34, 11, '2026-05-01T15:58:42'::timestamp, '2026-05-01T21:58:42'::timestamp);
INSERT INTO shifts (employee_id, location_id, shift_start, shift_end) VALUES (34, 7, '2026-05-03T08:15:51'::timestamp, '2026-05-03T16:15:51'::timestamp);
INSERT INTO shifts (employee_id, location_id, shift_start, shift_end) VALUES (34, 12, '2026-05-01T11:57:26'::timestamp, '2026-05-01T19:57:26'::timestamp);
INSERT INTO shifts (employee_id, location_id, shift_start, shift_end) VALUES (35, 13, '2026-05-02T15:18:08'::timestamp, '2026-05-02T21:18:08'::timestamp);
INSERT INTO shifts (employee_id, location_id, shift_start, shift_end) VALUES (35, 19, '2026-05-02T15:03:01'::timestamp, '2026-05-02T19:03:01'::timestamp);
INSERT INTO shifts (employee_id, location_id, shift_start, shift_end) VALUES (35, 2, '2026-04-28T08:50:39'::timestamp, '2026-04-28T14:50:39'::timestamp);
INSERT INTO shifts (employee_id, location_id, shift_start, shift_end) VALUES (35, 12, '2026-05-03T15:23:47'::timestamp, '2026-05-03T20:23:47'::timestamp);
INSERT INTO shifts (employee_id, location_id, shift_start, shift_end) VALUES (35, 10, '2026-04-27T11:22:51'::timestamp, '2026-04-27T18:22:51'::timestamp);
INSERT INTO shifts (employee_id, location_id, shift_start, shift_end) VALUES (36, 15, '2026-04-30T08:47:06'::timestamp, '2026-04-30T16:47:06'::timestamp);
INSERT INTO shifts (employee_id, location_id, shift_start, shift_end) VALUES (36, 1, '2026-05-03T11:46:03'::timestamp, '2026-05-03T18:46:03'::timestamp);
INSERT INTO shifts (employee_id, location_id, shift_start, shift_end) VALUES (36, 4, '2026-05-01T08:24:46'::timestamp, '2026-05-01T15:24:46'::timestamp);
INSERT INTO shifts (employee_id, location_id, shift_start, shift_end) VALUES (36, 5, '2026-04-29T08:03:46'::timestamp, '2026-04-29T12:03:46'::timestamp);
INSERT INTO shifts (employee_id, location_id, shift_start, shift_end) VALUES (36, 14, '2026-05-01T15:08:49'::timestamp, '2026-05-01T21:08:49'::timestamp);
INSERT INTO shifts (employee_id, location_id, shift_start, shift_end) VALUES (37, 3, '2026-05-02T15:12:47'::timestamp, '2026-05-02T22:12:47'::timestamp);
INSERT INTO shifts (employee_id, location_id, shift_start, shift_end) VALUES (37, 6, '2026-04-30T15:15:16'::timestamp, '2026-04-30T20:15:16'::timestamp);
INSERT INTO shifts (employee_id, location_id, shift_start, shift_end) VALUES (37, 6, '2026-04-28T11:08:00'::timestamp, '2026-04-28T19:08:00'::timestamp);
INSERT INTO shifts (employee_id, location_id, shift_start, shift_end) VALUES (37, 3, '2026-04-30T15:14:11'::timestamp, '2026-04-30T20:14:11'::timestamp);
INSERT INTO shifts (employee_id, location_id, shift_start, shift_end) VALUES (37, 7, '2026-04-30T08:38:51'::timestamp, '2026-04-30T13:38:51'::timestamp);
INSERT INTO shifts (employee_id, location_id, shift_start, shift_end) VALUES (38, 18, '2026-04-28T15:41:47'::timestamp, '2026-04-28T23:41:47'::timestamp);
INSERT INTO shifts (employee_id, location_id, shift_start, shift_end) VALUES (38, 14, '2026-05-03T08:10:04'::timestamp, '2026-05-03T15:10:04'::timestamp);
INSERT INTO shifts (employee_id, location_id, shift_start, shift_end) VALUES (38, 10, '2026-05-01T15:33:21'::timestamp, '2026-05-01T22:33:21'::timestamp);
INSERT INTO shifts (employee_id, location_id, shift_start, shift_end) VALUES (39, 2, '2026-04-28T11:15:08'::timestamp, '2026-04-28T16:15:08'::timestamp);
INSERT INTO shifts (employee_id, location_id, shift_start, shift_end) VALUES (39, 11, '2026-04-28T08:53:51'::timestamp, '2026-04-28T12:53:51'::timestamp);
INSERT INTO shifts (employee_id, location_id, shift_start, shift_end) VALUES (39, 8, '2026-04-30T11:08:03'::timestamp, '2026-04-30T15:08:03'::timestamp);
INSERT INTO shifts (employee_id, location_id, shift_start, shift_end) VALUES (39, 2, '2026-05-03T11:39:27'::timestamp, '2026-05-03T18:39:27'::timestamp);
INSERT INTO shifts (employee_id, location_id, shift_start, shift_end) VALUES (40, 15, '2026-05-02T08:20:40'::timestamp, '2026-05-02T14:20:40'::timestamp);
INSERT INTO shifts (employee_id, location_id, shift_start, shift_end) VALUES (40, 1, '2026-04-27T11:59:52'::timestamp, '2026-04-27T17:59:52'::timestamp);
INSERT INTO shifts (employee_id, location_id, shift_start, shift_end) VALUES (40, 8, '2026-05-02T11:54:22'::timestamp, '2026-05-02T17:54:22'::timestamp);
INSERT INTO shifts (employee_id, location_id, shift_start, shift_end) VALUES (40, 2, '2026-05-03T08:49:36'::timestamp, '2026-05-03T13:49:36'::timestamp);
INSERT INTO shifts (employee_id, location_id, shift_start, shift_end) VALUES (40, 5, '2026-04-28T08:50:40'::timestamp, '2026-04-28T14:50:40'::timestamp);
INSERT INTO shifts (employee_id, location_id, shift_start, shift_end) VALUES (41, 17, '2026-04-30T15:44:03'::timestamp, '2026-04-30T21:44:03'::timestamp);
INSERT INTO shifts (employee_id, location_id, shift_start, shift_end) VALUES (41, 17, '2026-05-02T15:08:44'::timestamp, '2026-05-02T19:08:44'::timestamp);
INSERT INTO shifts (employee_id, location_id, shift_start, shift_end) VALUES (41, 5, '2026-05-01T08:11:20'::timestamp, '2026-05-01T14:11:20'::timestamp);
INSERT INTO shifts (employee_id, location_id, shift_start, shift_end) VALUES (41, 7, '2026-05-03T08:49:49'::timestamp, '2026-05-03T13:49:49'::timestamp);
INSERT INTO shifts (employee_id, location_id, shift_start, shift_end) VALUES (41, 19, '2026-04-28T15:22:28'::timestamp, '2026-04-28T23:22:28'::timestamp);
INSERT INTO shifts (employee_id, location_id, shift_start, shift_end) VALUES (42, 11, '2026-05-02T08:54:58'::timestamp, '2026-05-02T16:54:58'::timestamp);
INSERT INTO shifts (employee_id, location_id, shift_start, shift_end) VALUES (42, 20, '2026-04-27T11:42:34'::timestamp, '2026-04-27T15:42:34'::timestamp);
INSERT INTO shifts (employee_id, location_id, shift_start, shift_end) VALUES (42, 8, '2026-05-02T08:39:26'::timestamp, '2026-05-02T12:39:26'::timestamp);
INSERT INTO shifts (employee_id, location_id, shift_start, shift_end) VALUES (43, 3, '2026-05-02T15:40:17'::timestamp, '2026-05-02T21:40:17'::timestamp);
INSERT INTO shifts (employee_id, location_id, shift_start, shift_end) VALUES (43, 9, '2026-05-03T15:25:00'::timestamp, '2026-05-03T22:25:00'::timestamp);
INSERT INTO shifts (employee_id, location_id, shift_start, shift_end) VALUES (43, 17, '2026-05-01T08:47:57'::timestamp, '2026-05-01T13:47:57'::timestamp);
INSERT INTO shifts (employee_id, location_id, shift_start, shift_end) VALUES (43, 18, '2026-04-30T08:43:21'::timestamp, '2026-04-30T14:43:21'::timestamp);
INSERT INTO shifts (employee_id, location_id, shift_start, shift_end) VALUES (44, 10, '2026-05-01T11:47:34'::timestamp, '2026-05-01T18:47:34'::timestamp);
INSERT INTO shifts (employee_id, location_id, shift_start, shift_end) VALUES (44, 3, '2026-04-27T15:53:57'::timestamp, '2026-04-27T21:53:57'::timestamp);
INSERT INTO shifts (employee_id, location_id, shift_start, shift_end) VALUES (44, 7, '2026-05-01T08:13:47'::timestamp, '2026-05-01T12:13:47'::timestamp);
INSERT INTO shifts (employee_id, location_id, shift_start, shift_end) VALUES (45, 17, '2026-05-01T08:10:44'::timestamp, '2026-05-01T13:10:44'::timestamp);
INSERT INTO shifts (employee_id, location_id, shift_start, shift_end) VALUES (45, 7, '2026-04-30T11:04:21'::timestamp, '2026-04-30T17:04:21'::timestamp);
INSERT INTO shifts (employee_id, location_id, shift_start, shift_end) VALUES (45, 3, '2026-04-28T15:41:11'::timestamp, '2026-04-28T19:41:11'::timestamp);
INSERT INTO shifts (employee_id, location_id, shift_start, shift_end) VALUES (45, 13, '2026-04-27T08:28:22'::timestamp, '2026-04-27T16:28:22'::timestamp);
INSERT INTO shifts (employee_id, location_id, shift_start, shift_end) VALUES (45, 1, '2026-04-28T11:27:41'::timestamp, '2026-04-28T16:27:41'::timestamp);
INSERT INTO shifts (employee_id, location_id, shift_start, shift_end) VALUES (46, 18, '2026-04-28T11:14:24'::timestamp, '2026-04-28T18:14:24'::timestamp);
INSERT INTO shifts (employee_id, location_id, shift_start, shift_end) VALUES (46, 14, '2026-04-29T15:35:01'::timestamp, '2026-04-29T23:35:01'::timestamp);
INSERT INTO shifts (employee_id, location_id, shift_start, shift_end) VALUES (46, 6, '2026-04-29T08:24:38'::timestamp, '2026-04-29T12:24:38'::timestamp);
INSERT INTO shifts (employee_id, location_id, shift_start, shift_end) VALUES (46, 8, '2026-04-28T11:41:01'::timestamp, '2026-04-28T18:41:01'::timestamp);
INSERT INTO shifts (employee_id, location_id, shift_start, shift_end) VALUES (47, 6, '2026-05-03T15:40:34'::timestamp, '2026-05-03T23:40:34'::timestamp);
INSERT INTO shifts (employee_id, location_id, shift_start, shift_end) VALUES (47, 5, '2026-04-30T15:43:27'::timestamp, '2026-04-30T19:43:27'::timestamp);
INSERT INTO shifts (employee_id, location_id, shift_start, shift_end) VALUES (47, 6, '2026-04-28T15:37:50'::timestamp, '2026-04-28T23:37:50'::timestamp);
INSERT INTO shifts (employee_id, location_id, shift_start, shift_end) VALUES (48, 15, '2026-04-29T15:46:20'::timestamp, '2026-04-29T22:46:20'::timestamp);
INSERT INTO shifts (employee_id, location_id, shift_start, shift_end) VALUES (48, 17, '2026-05-02T15:18:48'::timestamp, '2026-05-02T21:18:48'::timestamp);
INSERT INTO shifts (employee_id, location_id, shift_start, shift_end) VALUES (48, 3, '2026-05-03T11:07:02'::timestamp, '2026-05-03T17:07:02'::timestamp);
INSERT INTO shifts (employee_id, location_id, shift_start, shift_end) VALUES (49, 7, '2026-04-29T15:06:22'::timestamp, '2026-04-29T21:06:22'::timestamp);
INSERT INTO shifts (employee_id, location_id, shift_start, shift_end) VALUES (49, 11, '2026-05-01T08:30:28'::timestamp, '2026-05-01T13:30:28'::timestamp);
INSERT INTO shifts (employee_id, location_id, shift_start, shift_end) VALUES (49, 6, '2026-05-02T08:49:30'::timestamp, '2026-05-02T12:49:30'::timestamp);
INSERT INTO shifts (employee_id, location_id, shift_start, shift_end) VALUES (49, 16, '2026-04-30T11:22:23'::timestamp, '2026-04-30T15:22:23'::timestamp);
INSERT INTO shifts (employee_id, location_id, shift_start, shift_end) VALUES (49, 10, '2026-04-27T15:57:00'::timestamp, '2026-04-27T21:57:00'::timestamp);
INSERT INTO shifts (employee_id, location_id, shift_start, shift_end) VALUES (50, 6, '2026-05-02T11:04:00'::timestamp, '2026-05-02T18:04:00'::timestamp);
INSERT INTO shifts (employee_id, location_id, shift_start, shift_end) VALUES (50, 9, '2026-05-02T15:44:43'::timestamp, '2026-05-02T20:44:43'::timestamp);
INSERT INTO shifts (employee_id, location_id, shift_start, shift_end) VALUES (50, 7, '2026-05-01T15:30:53'::timestamp, '2026-05-01T19:30:53'::timestamp);
INSERT INTO shifts (employee_id, location_id, shift_start, shift_end) VALUES (51, 4, '2026-04-29T11:40:00'::timestamp, '2026-04-29T15:40:00'::timestamp);
INSERT INTO shifts (employee_id, location_id, shift_start, shift_end) VALUES (51, 4, '2026-04-30T08:32:26'::timestamp, '2026-04-30T16:32:26'::timestamp);
INSERT INTO shifts (employee_id, location_id, shift_start, shift_end) VALUES (51, 15, '2026-05-01T15:21:52'::timestamp, '2026-05-01T20:21:52'::timestamp);
INSERT INTO shifts (employee_id, location_id, shift_start, shift_end) VALUES (52, 5, '2026-05-02T11:41:38'::timestamp, '2026-05-02T19:41:38'::timestamp);
INSERT INTO shifts (employee_id, location_id, shift_start, shift_end) VALUES (52, 7, '2026-05-02T15:09:03'::timestamp, '2026-05-02T21:09:03'::timestamp);
INSERT INTO shifts (employee_id, location_id, shift_start, shift_end) VALUES (52, 3, '2026-04-30T11:34:31'::timestamp, '2026-04-30T16:34:31'::timestamp);
INSERT INTO shifts (employee_id, location_id, shift_start, shift_end) VALUES (52, 15, '2026-04-30T15:10:39'::timestamp, '2026-04-30T20:10:39'::timestamp);
INSERT INTO shifts (employee_id, location_id, shift_start, shift_end) VALUES (52, 13, '2026-04-28T08:43:45'::timestamp, '2026-04-28T14:43:45'::timestamp);
INSERT INTO shifts (employee_id, location_id, shift_start, shift_end) VALUES (53, 6, '2026-05-01T15:37:39'::timestamp, '2026-05-01T20:37:39'::timestamp);
INSERT INTO shifts (employee_id, location_id, shift_start, shift_end) VALUES (53, 3, '2026-05-01T11:51:42'::timestamp, '2026-05-01T15:51:42'::timestamp);
INSERT INTO shifts (employee_id, location_id, shift_start, shift_end) VALUES (53, 5, '2026-04-28T11:28:17'::timestamp, '2026-04-28T17:28:17'::timestamp);
INSERT INTO shifts (employee_id, location_id, shift_start, shift_end) VALUES (53, 1, '2026-05-02T11:31:30'::timestamp, '2026-05-02T15:31:30'::timestamp);
INSERT INTO shifts (employee_id, location_id, shift_start, shift_end) VALUES (53, 5, '2026-04-30T15:50:32'::timestamp, '2026-04-30T22:50:32'::timestamp);
INSERT INTO shifts (employee_id, location_id, shift_start, shift_end) VALUES (54, 10, '2026-05-01T15:00:23'::timestamp, '2026-05-01T20:00:23'::timestamp);
INSERT INTO shifts (employee_id, location_id, shift_start, shift_end) VALUES (54, 3, '2026-04-30T11:29:49'::timestamp, '2026-04-30T18:29:49'::timestamp);
INSERT INTO shifts (employee_id, location_id, shift_start, shift_end) VALUES (54, 6, '2026-04-30T11:39:53'::timestamp, '2026-04-30T15:39:53'::timestamp);

SET session_replication_role = 'origin';
